holding_ticker,primary_security_name,all_observed_security_names_sample,first_report_dt,last_report_dt,holding_record_count,unique_portfolio_count,source_files
AAPL,APPLE INC,APPLE INC,2010-06-30,2025-11-30,7261,148,stock between 2010_2014_new___.csv | stock between 2015_2019_new___.csv | stock between 2020_2026_new___.csv
MSFT,MICROSOFT CORP,MICROSOFT CORP,2002-09-30,2025-11-30,7099,220,stock berfore 2010_new___.csv | stock between 2010_2014_new___.csv | stock between 2015_2019_new___.csv | stock between 2020_2026_new___.csv
JPM,JPMORGAN CHASE & CO,JPMORGAN CHASE & CO | J P Morgan & Co Inc,2002-12-31,2025-10-31,3839,161,stock berfore 2010_new___.csv | stock between 2010_2014_new___.csv | stock between 2015_2019_new___.csv | stock between 2020_2026_new___.csv
GOOG,ALPHABET INC,GOOGLE INC | ALPHABET INC,2005-10-31,2025-11-30,3375,119,stock berfore 2010_new___.csv | stock between 2010_2014_new___.csv | stock between 2015_2019_new___.csv | stock between 2020_2026_new___.csv
AMZN,AMAZON COM INC,AMAZON COM INC,2008-09-30,2025-11-30,3233,93,stock berfore 2010_new___.csv | stock between 2010_2014_new___.csv | stock between 2015_2019_new___.csv | stock between 2020_2026_new___.csv
XOM,EXXON MOBIL CORP,EXXON MOBIL CORP,2002-10-31,2025-09-30,2718,164,stock berfore 2010_new___.csv | stock between 2010_2014_new___.csv | stock between 2015_2019_new___.csv | stock between 2020_2026_new___.csv
JNJ,JOHNSON & JOHNSON,JOHNSON & JOHNSON,2002-08-31,2025-10-31,2551,145,stock berfore 2010_new___.csv | stock between 2010_2014_new___.csv | stock between 2015_2019_new___.csv | stock between 2020_2026_new___.csv
GOOGL,ALPHABET INC,ALPHABET INC,2015-10-31,2025-11-30,2040,74,stock between 2015_2019_new___.csv | stock between 2020_2026_new___.csv
PFE,PFIZER INC,PFIZER INC,2002-09-30,2025-10-31,1653,138,stock berfore 2010_new___.csv | stock between 2010_2014_new___.csv | stock between 2015_2019_new___.csv | stock between 2020_2026_new___.csv
WFC,WELLS FARGO & CO NEW,WELLS FARGO & CO NEW,2002-09-30,2025-09-30,1595,100,stock berfore 2010_new___.csv | stock between 2010_2014_new___.csv | stock between 2015_2019_new___.csv | stock between 2020_2026_new___.csv
CVX,CHEVRON CORP NEW,CHEVRON CORP NEW,2002-09-30,2025-09-30,1502,119,stock berfore 2010_new___.csv | stock between 2010_2014_new___.csv | stock between 2015_2019_new___.csv | stock between 2020_2026_new___.csv
FB,FACEBOOK INC,FACEBOOK INC | META PLATFORMS INC,2013-06-30,2022-05-31,1328,66,stock between 2010_2014_new___.csv | stock between 2015_2019_new___.csv | stock between 2020_2026_new___.csv
BAC,BANK OF AMERICA CORP,BANK OF AMERICA CORP,2002-08-31,2025-10-31,1276,120,stock berfore 2010_new___.csv | stock between 2010_2014_new___.csv | stock between 2015_2019_new___.csv | stock between 2020_2026_new___.csv
CSCO,CISCO SYSTEMS INC,CISCO SYSTEMS INC,2002-11-30,2025-10-31,1216,103,stock berfore 2010_new___.csv | stock between 2010_2014_new___.csv | stock between 2015_2019_new___.csv | stock between 2020_2026_new___.csv
CMCSA,COMCAST CORP NEW,COMCAST CORP NEW,2004-12-31,2024-11-30,1075,61,stock berfore 2010_new___.csv | stock between 2010_2014_new___.csv | stock between 2015_2019_new___.csv | stock between 2020_2026_new___.csv
UNH,UNITEDHEALTH GROUP INC,UNITEDHEALTH GROUP INC,2002-10-31,2025-10-31,1037,90,stock berfore 2010_new___.csv | stock between 2010_2014_new___.csv | stock between 2015_2019_new___.csv | stock between 2020_2026_new___.csv
NVDA,NVIDIA CORP,NVIDIA CORP,2016-12-31,2025-11-30,1025,66,stock between 2015_2019_new___.csv | stock between 2020_2026_new___.csv
GE,GENERAL ELECTRIC CO,GENERAL ELECTRIC CO,2002-09-30,2025-07-31,1019,131,stock berfore 2010_new___.csv | stock between 2010_2014_new___.csv | stock between 2015_2019_new___.csv | stock between 2020_2026_new___.csv
V,VISA INC,VISA INC,2009-01-31,2025-09-30,972,56,stock berfore 2010_new___.csv | stock between 2010_2014_new___.csv | stock between 2015_2019_new___.csv | stock between 2020_2026_new___.csv
PG,PROCTER & GAMBLE CO,PROCTER & GAMBLE CO,2002-10-31,2025-09-30,953,103,stock berfore 2010_new___.csv | stock between 2010_2014_new___.csv | stock between 2015_2019_new___.csv | stock between 2020_2026_new___.csv
BRK,BERKSHIRE HATHAWAY INC DEL,BERKSHIRE HATHAWAY INC DEL,2002-11-30,2025-11-30,951,50,stock berfore 2010_new___.csv | stock between 2010_2014_new___.csv | stock between 2015_2019_new___.csv | stock between 2020_2026_new___.csv
IBM,INTERNATIONAL BUSINESS MACHS COR,INTERNATIONAL BUSINESS MACHS COR,2002-10-31,2025-10-31,923,101,stock berfore 2010_new___.csv | stock between 2010_2014_new___.csv | stock between 2015_2019_new___.csv | stock between 2020_2026_new___.csv
PM,PHILIP MORRIS INTERNATIONAL INC,PHILIP MORRIS INTERNATIONAL IN | PHILIP MORRIS INTERNATIONAL INC,2008-03-31,2025-11-30,908,63,stock berfore 2010_new___.csv | stock between 2010_2014_new___.csv | stock between 2015_2019_new___.csv | stock between 2020_2026_new___.csv
MRK,MERCK & CO INC NEW,MERCK & CO INC | MERCK & CO INC NEW,2002-09-30,2025-10-31,799,87,stock berfore 2010_new___.csv | stock between 2010_2014_new___.csv | stock between 2015_2019_new___.csv | stock between 2020_2026_new___.csv
C,CITIGROUP INC,CITIGROUP INC | CITIGROUP CAPITAL VIII,2002-09-30,2022-11-30,721,89,stock berfore 2010_new___.csv | stock between 2010_2014_new___.csv | stock between 2015_2019_new___.csv | stock between 2020_2026_new___.csv
VZ,VERIZON COMMUNICATIONS INC,VERIZON COMMUNICATIONS INC,2002-10-31,2025-09-30,715,89,stock berfore 2010_new___.csv | stock between 2010_2014_new___.csv | stock between 2015_2019_new___.csv | stock between 2020_2026_new___.csv
MA,MASTERCARD INC,MASTERCARD INC,2008-03-31,2025-10-31,662,49,stock berfore 2010_new___.csv | stock between 2010_2014_new___.csv | stock between 2015_2019_new___.csv | stock between 2020_2026_new___.csv
T,A T & T INC,A T & T INC,2006-06-30,2023-03-31,659,80,stock berfore 2010_new___.csv | stock between 2010_2014_new___.csv | stock between 2015_2019_new___.csv | stock between 2020_2026_new___.csv
COP,CONOCOPHILLIPS,CONOCOPHILLIPS,2003-06-30,2025-10-31,639,76,stock berfore 2010_new___.csv | stock between 2010_2014_new___.csv | stock between 2015_2019_new___.csv | stock between 2020_2026_new___.csv
PEP,PEPSICO INC,PEPSICO INC,2002-11-30,2025-06-30,638,62,stock berfore 2010_new___.csv | stock between 2010_2014_new___.csv | stock between 2015_2019_new___.csv | stock between 2020_2026_new___.csv
META,META PLATFORMS INC,META PLATFORMS INC,2022-06-30,2025-11-30,583,47,stock between 2020_2026_new___.csv
QCOM,QUALCOMM INC,QUALCOMM INC,2004-03-31,2025-10-31,524,61,stock berfore 2010_new___.csv | stock between 2010_2014_new___.csv | stock between 2015_2019_new___.csv | stock between 2020_2026_new___.csv
GS,GOLDMAN SACHS GROUP INC,GOLDMAN SACHS GROUP INC,2003-12-31,2025-09-30,502,61,stock berfore 2010_new___.csv | stock between 2010_2014_new___.csv | stock between 2015_2019_new___.csv | stock between 2020_2026_new___.csv
HD,HOME DEPOT INC,HOME DEPOT INC,2002-09-30,2025-09-30,495,61,stock berfore 2010_new___.csv | stock between 2010_2014_new___.csv | stock between 2015_2019_new___.csv | stock between 2020_2026_new___.csv
AVGO,BROADCOM INC,AVAGO TECHNOLOGIES LTD | BROADCOM LTD | BROADCOM INC,2012-12-31,2025-11-30,476,51,stock between 2010_2014_new___.csv | stock between 2015_2019_new___.csv | stock between 2020_2026_new___.csv
CVS,C V S HEALTH CORP,C V S CORP | C V S CAREMARK CORP | C V S HEALTH CORP,2002-12-31,2024-03-31,456,56,stock berfore 2010_new___.csv | stock between 2010_2014_new___.csv | stock between 2015_2019_new___.csv | stock between 2020_2026_new___.csv
INTC,INTEL CORP,INTEL CORP,2002-09-30,2023-06-30,442,91,stock berfore 2010_new___.csv | stock between 2010_2014_new___.csv | stock between 2015_2019_new___.csv | stock between 2020_2026_new___.csv
MDT,MEDTRONIC PLC,MEDTRONIC INC | MEDTRONIC PLC,2002-09-30,2025-10-31,438,54,stock berfore 2010_new___.csv | stock between 2010_2014_new___.csv | stock between 2015_2019_new___.csv | stock between 2020_2026_new___.csv
WMT,WAL MART STORES INC,WAL MART STORES INC | WALMART INC,2002-10-31,2025-09-30,411,91,stock berfore 2010_new___.csv | stock between 2010_2014_new___.csv | stock between 2015_2019_new___.csv | stock between 2020_2026_new___.csv
UTX,UNITED TECHNOLOGIES CORP,UNITED TECHNOLOGIES CORP,2002-09-30,2020-02-29,367,37,stock berfore 2010_new___.csv | stock between 2010_2014_new___.csv | stock between 2015_2019_new___.csv | stock between 2020_2026_new___.csv
LLY,LILLY ELI & CO,LILLY ELI & CO | Lilly Eli & Co,2002-08-31,2025-11-30,361,44,stock berfore 2010_new___.csv | stock between 2010_2014_new___.csv | stock between 2015_2019_new___.csv | stock between 2020_2026_new___.csv
KO,COCA COLA CO,COCA COLA CO,2002-12-31,2025-06-30,351,48,stock berfore 2010_new___.csv | stock between 2010_2014_new___.csv | stock between 2015_2019_new___.csv | stock between 2020_2026_new___.csv
MCD,MCDONALDS CORP,MCDONALDS CORP,2003-06-30,2025-04-30,336,50,stock berfore 2010_new___.csv | stock between 2010_2014_new___.csv | stock between 2015_2019_new___.csv | stock between 2020_2026_new___.csv
SLB,SCHLUMBERGER LTD,SCHLUMBERGER LTD,2002-09-30,2022-12-31,335,54,stock berfore 2010_new___.csv | stock between 2010_2014_new___.csv | stock between 2015_2019_new___.csv | stock between 2020_2026_new___.csv
SCHW,SCHWAB CHARLES CORP NEW,SCHWAB CHARLES CORP NEW,2008-03-31,2025-10-31,331,28,stock berfore 2010_new___.csv | stock between 2010_2014_new___.csv | stock between 2015_2019_new___.csv | stock between 2020_2026_new___.csv
ORCL,ORACLE CORP,ORACLE CORP,2002-12-31,2025-08-31,318,59,stock berfore 2010_new___.csv | stock between 2010_2014_new___.csv | stock between 2015_2019_new___.csv | stock between 2020_2026_new___.csv
ABT,ABBOTT LABORATORIES,ABBOTT LABORATORIES,2002-12-31,2025-09-30,316,42,stock berfore 2010_new___.csv | stock between 2010_2014_new___.csv | stock between 2015_2019_new___.csv | stock between 2020_2026_new___.csv
MMM,3M CO,3M CO,2002-11-30,2024-09-30,313,32,stock berfore 2010_new___.csv | stock between 2010_2014_new___.csv | stock between 2015_2019_new___.csv | stock between 2020_2026_new___.csv
BA,BOEING CO,BOEING CO,2003-10-31,2025-02-28,280,39,stock berfore 2010_new___.csv | stock between 2010_2014_new___.csv | stock between 2015_2019_new___.csv | stock between 2020_2026_new___.csv
DIS,DISNEY WALT CO,DISNEY WALT CO,2002-12-31,2025-09-30,276,35,stock berfore 2010_new___.csv | stock between 2010_2014_new___.csv | stock between 2015_2019_new___.csv | stock between 2020_2026_new___.csv
AMGN,AMGEN INC,AMGEN INC,2002-09-30,2025-09-30,273,48,stock berfore 2010_new___.csv | stock between 2010_2014_new___.csv | stock between 2015_2019_new___.csv | stock between 2020_2026_new___.csv
LMT,LOCKHEED MARTIN CORP,LOCKHEED MARTIN CORP,2002-08-31,2025-01-31,272,27,stock berfore 2010_new___.csv | stock between 2010_2014_new___.csv | stock between 2015_2019_new___.csv | stock between 2020_2026_new___.csv
ABBV,ABBVIE INC,ABBVIE INC,2013-03-31,2025-09-30,267,21,stock between 2010_2014_new___.csv | stock between 2015_2019_new___.csv | stock between 2020_2026_new___.csv
TSLA,TESLA INC,TESLA INC,2020-08-31,2025-11-30,265,28,stock between 2020_2026_new___.csv
DHR,DANAHER CORP,DANAHER CORP,2006-07-31,2025-09-30,261,25,stock berfore 2010_new___.csv | stock between 2010_2014_new___.csv | stock between 2015_2019_new___.csv | stock between 2020_2026_new___.csv
CI,CIGNA GROUP,C I G N A CORP | CIGNA GROUP ORD | CIGNA CORP NEW | CIGNA GROUP,2002-11-30,2025-09-30,258,17,stock berfore 2010_new___.csv | stock between 2010_2014_new___.csv | stock between 2015_2019_new___.csv | stock between 2020_2026_new___.csv
BMY,BRISTOL MYERS SQUIBB CO,BRISTOL MYERS SQUIBB CO,2002-12-31,2023-04-30,250,29,stock berfore 2010_new___.csv | stock between 2010_2014_new___.csv | stock between 2015_2019_new___.csv | stock between 2020_2026_new___.csv
OXY,OCCIDENTAL PETROLEUM CORP,OCCIDENTAL PETROLEUM CORP,2002-12-31,2022-09-30,249,39,stock berfore 2010_new___.csv | stock between 2010_2014_new___.csv | stock between 2015_2019_new___.csv | stock between 2020_2026_new___.csv
PNC,P N C FINANCIAL SERVICES GRP INC,P N C FINANCIAL SERVICES GRP I | P N C FINANCIAL SERVICES GRP INC,2009-03-31,2023-04-30,236,19,stock berfore 2010_new___.csv | stock between 2010_2014_new___.csv | stock between 2015_2019_new___.csv | stock between 2020_2026_new___.csv
UNP,UNION PACIFIC CORP,UNION PACIFIC CORP,2002-11-30,2025-06-30,236,26,stock berfore 2010_new___.csv | stock between 2010_2014_new___.csv | stock between 2015_2019_new___.csv | stock between 2020_2026_new___.csv
USB,U S BANCORP DEL,U S BANCORP DEL,2002-12-31,2022-09-30,232,28,stock berfore 2010_new___.csv | stock between 2010_2014_new___.csv | stock between 2015_2019_new___.csv | stock between 2020_2026_new___.csv
HWP,HEWLETT PACKARD CO,HEWLETT PACKARD CO,2002-09-30,2010-05-31,221,45,stock berfore 2010_new___.csv | stock between 2010_2014_new___.csv
GILD,GILEAD SCIENCES INC,GILEAD SCIENCES INC,2005-12-31,2025-07-31,219,38,stock berfore 2010_new___.csv | stock between 2010_2014_new___.csv | stock between 2015_2019_new___.csv | stock between 2020_2026_new___.csv
MO,ALTRIA GROUP INC,ALTRIA GROUP INC | PHILIP MORRIS COS INC,2002-08-31,2022-07-31,219,41,stock berfore 2010_new___.csv | stock between 2010_2014_new___.csv | stock between 2015_2019_new___.csv | stock between 2020_2026_new___.csv
ACN,ACCENTURE PLC IRELAND,ACCENTURE LTD BERMUDA | ACCENTURE PLC IRELAND,2002-12-31,2025-06-30,215,24,stock berfore 2010_new___.csv | stock between 2010_2014_new___.csv | stock between 2015_2019_new___.csv | stock between 2020_2026_new___.csv
TRV,TRAVELERS COMPANIES INC,TRAVELERS COMPANIES INC,2006-09-30,2025-10-31,214,21,stock berfore 2010_new___.csv | stock between 2010_2014_new___.csv | stock between 2015_2019_new___.csv | stock between 2020_2026_new___.csv
NKE,NIKE INC,NIKE INC,2005-03-31,2022-08-31,213,23,stock berfore 2010_new___.csv | stock between 2010_2014_new___.csv | stock between 2015_2019_new___.csv | stock between 2020_2026_new___.csv
AIG,AMERICAN INTERNATIONAL GROUP INC,AMERICAN INTERNATIONAL GROUP INC,2002-09-30,2025-09-30,209,52,stock berfore 2010_new___.csv | stock between 2010_2014_new___.csv | stock between 2015_2019_new___.csv | stock between 2020_2026_new___.csv
COST,COSTCO WHOLESALE CORP NEW,COSTCO WHOLESALE CORP NEW,2002-12-31,2023-12-31,207,23,stock berfore 2010_new___.csv | stock between 2010_2014_new___.csv | stock between 2015_2019_new___.csv | stock between 2020_2026_new___.csv
TXN,TEXAS INSTRUMENTS INC,TEXAS INSTRUMENTS INC,2003-10-31,2025-09-30,201,21,stock berfore 2010_new___.csv | stock between 2010_2014_new___.csv | stock between 2015_2019_new___.csv | stock between 2020_2026_new___.csv
BDX,BECTON DICKINSON & CO,BECTON DICKINSON & CO,2004-12-31,2025-10-31,193,18,stock berfore 2010_new___.csv | stock between 2010_2014_new___.csv | stock between 2015_2019_new___.csv | stock between 2020_2026_new___.csv
LOW,LOWES COMPANIES INC,LOWES COMPANIES INC,2002-08-31,2025-09-30,191,24,stock berfore 2010_new___.csv | stock between 2010_2014_new___.csv | stock between 2015_2019_new___.csv | stock between 2020_2026_new___.csv
EMR,EMERSON ELECTRIC CO,EMERSON ELECTRIC CO,2003-01-31,2024-08-31,190,22,stock berfore 2010_new___.csv | stock between 2010_2014_new___.csv | stock between 2015_2019_new___.csv | stock between 2020_2026_new___.csv
HON,HONEYWELL INTERNATIONAL INC,HONEYWELL INTERNATIONAL INC,2002-11-30,2025-05-31,179,33,stock berfore 2010_new___.csv | stock between 2010_2014_new___.csv | stock between 2015_2019_new___.csv | stock between 2020_2026_new___.csv
UPS,UNITED PARCEL SERVICE INC,UNITED PARCEL SERVICE INC,2003-01-31,2024-04-30,176,22,stock berfore 2010_new___.csv | stock between 2010_2014_new___.csv | stock between 2015_2019_new___.csv | stock between 2020_2026_new___.csv
COF,CAPITAL ONE FINANCIAL CORP,CAPITAL ONE FINANCIAL CORP,2004-12-31,2025-09-30,167,20,stock berfore 2010_new___.csv | stock between 2010_2014_new___.csv | stock between 2015_2019_new___.csv | stock between 2020_2026_new___.csv
NEE,NEXTERA ENERGY INC,NEXTERA ENERGY INC,2010-06-30,2025-05-31,165,19,stock between 2010_2014_new___.csv | stock between 2015_2019_new___.csv | stock between 2020_2026_new___.csv
CB,CHUBB CORP,CHUBB CORP | CHUBB LTD,2004-06-30,2019-09-30,164,22,stock berfore 2010_new___.csv | stock between 2010_2014_new___.csv | stock between 2015_2019_new___.csv
EMC,E M C CORP MA,E M C CORP MA,2003-03-31,2015-12-31,159,20,stock berfore 2010_new___.csv | stock between 2010_2014_new___.csv | stock between 2015_2019_new___.csv
ETN,EATON CORP PLC,EATON CORP | EATON CORPORATION PLC ORD | EATON CORP PLC,2004-08-31,2025-09-30,153,16,stock berfore 2010_new___.csv | stock between 2010_2014_new___.csv | stock between 2015_2019_new___.csv | stock between 2020_2026_new___.csv
ESRX,EXPRESS SCRIPTS HOLDING CO,EXPRESS SCRIPTS INC | EXPRESS SCRIPTS HOLDING CO ORD | EXPRESS SCRIPTS HOLDING CO,2003-10-31,2018-09-30,148,20,stock berfore 2010_new___.csv | stock between 2010_2014_new___.csv | stock between 2015_2019_new___.csv
ADBE,ADOBE INC,ADOBE SYSTEMS INC | ADOBE INC,2006-06-30,2024-08-31,147,22,stock berfore 2010_new___.csv | stock between 2015_2019_new___.csv | stock between 2020_2026_new___.csv
AXP,AMERICAN EXPRESS CO,AMERICAN EXPRESS CO | American Express Credit Corp,2002-12-31,2025-06-30,143,39,stock berfore 2010_new___.csv | stock between 2010_2014_new___.csv | stock between 2015_2019_new___.csv | stock between 2020_2026_new___.csv
TMO,THERMO FISHER SCIENTIFIC INC,THERMO FISHER SCIENTIFIC INC,2007-07-31,2025-09-30,142,18,stock berfore 2010_new___.csv | stock between 2010_2014_new___.csv | stock between 2015_2019_new___.csv | stock between 2020_2026_new___.csv
DD,DU PONT E I DE NEMOURS & CO,DU PONT E I DE NEMOURS & CO | DUPONT DE NEMOURS INC,2003-09-30,2022-12-31,136,24,stock berfore 2010_new___.csv | stock between 2010_2014_new___.csv | stock between 2015_2019_new___.csv | stock between 2020_2026_new___.csv
NESN,NESTLE SA ORD,NESTLE SA ORD,2010-12-31,2021-09-30,136,16,stock between 2010_2014_new___.csv | stock between 2015_2019_new___.csv | stock between 2020_2026_new___.csv
TGT,TARGET CORP,TARGET CORP,2002-10-31,2024-03-31,133,32,stock berfore 2010_new___.csv | stock between 2010_2014_new___.csv | stock between 2015_2019_new___.csv | stock between 2020_2026_new___.csv
MCK,MCKESSON H B O C INC,MCKESSON H B O C INC,2006-07-31,2025-09-30,129,16,stock berfore 2010_new___.csv | stock between 2010_2014_new___.csv | stock between 2015_2019_new___.csv | stock between 2020_2026_new___.csv
VOD,VODAFONE GROUP PLC ORD,VODAFONE GROUP PLC NEW | VODAFONE GROUP PLC ORD,2003-04-30,2017-08-31,128,11,stock berfore 2010_new___.csv | stock between 2010_2014_new___.csv | stock between 2015_2019_new___.csv
FDX,FEDEX CORP,FEDEX CORP,2002-09-30,2023-09-30,127,20,stock berfore 2010_new___.csv | stock between 2010_2014_new___.csv | stock between 2015_2019_new___.csv | stock between 2020_2026_new___.csv
TSM,TAIWAN SEMICONDUCTOR MFG CO LTD,TAIWAN SEMICONDUCTOR MFG CO LTD,2002-10-31,2025-11-30,127,11,stock berfore 2010_new___.csv | stock between 2015_2019_new___.csv | stock between 2020_2026_new___.csv
ADSK,AUTODESK INC,AUTODESK INC,2004-09-30,2021-12-31,126,10,stock berfore 2010_new___.csv | stock between 2010_2014_new___.csv | stock between 2015_2019_new___.csv | stock between 2020_2026_new___.csv
AGN,ALLERGAN PLC,ALLERGAN INC | ALLERGAN PLC,2002-09-30,2018-09-30,126,28,stock berfore 2010_new___.csv | stock between 2010_2014_new___.csv | stock between 2015_2019_new___.csv
MET,METLIFE INC,METLIFE INC,2006-09-30,2025-02-28,120,20,stock berfore 2010_new___.csv | stock between 2010_2014_new___.csv | stock between 2015_2019_new___.csv | stock between 2020_2026_new___.csv
TWX,TIME WARNER INC NEW,TIME WARNER INC NEW,2003-11-30,2018-03-31,116,22,stock berfore 2010_new___.csv | stock between 2010_2014_new___.csv | stock between 2015_2019_new___.csv
EBAY,EBAY INC,EBAY INC,2003-10-31,2019-06-30,115,21,stock berfore 2010_new___.csv | stock between 2010_2014_new___.csv | stock between 2015_2019_new___.csv
HPQ,HEWLETT PACKARD CO,Hewlett-Packard Co | HEWLETT PACKARD CO | H P INC,2003-06-30,2022-06-30,115,23,stock berfore 2010_new___.csv | stock between 2010_2014_new___.csv | stock between 2015_2019_new___.csv | stock between 2020_2026_new___.csv
ROG,ROCHE HOLDING AG ORD,ROCHE HOLDING AG ORD,2010-06-30,2025-10-31,114,6,stock between 2010_2014_new___.csv | stock between 2015_2019_new___.csv | stock between 2020_2026_new___.csv
CELG,CELGENE CORP,CELGENE CORP,2006-01-31,2017-12-31,112,13,stock berfore 2010_new___.csv | stock between 2010_2014_new___.csv | stock between 2015_2019_new___.csv
DFS,DISCOVER FINANCIAL SERVICES,DISCOVER FINANCIAL SERVICES,2009-06-30,2022-03-31,111,9,stock berfore 2010_new___.csv | stock between 2010_2014_new___.csv | stock between 2015_2019_new___.csv | stock between 2020_2026_new___.csv
BP,B P PLC,B P PLC | BP PLC ORD,2003-03-31,2025-10-31,109,15,stock berfore 2010_new___.csv | stock between 2010_2014_new___.csv | stock between 2015_2019_new___.csv | stock between 2020_2026_new___.csv
ADM,ARCHER DANIELS MIDLAND CO,ARCHER DANIELS MIDLAND CO,2006-02-28,2023-03-31,108,13,stock berfore 2010_new___.csv | stock between 2010_2014_new___.csv | stock between 2015_2019_new___.csv | stock between 2020_2026_new___.csv
CAT,CATERPILLAR INC,CATERPILLAR INC,2006-06-30,2025-10-31,105,18,stock berfore 2010_new___.csv | stock between 2010_2014_new___.csv | stock between 2015_2019_new___.csv | stock between 2020_2026_new___.csv
LYB,LYONDELLBASELL INDUSTRIES N V,LYONDELLBASELL INDUSTRIES N V,2012-06-30,2019-02-28,101,9,stock between 2010_2014_new___.csv | stock between 2015_2019_new___.csv
APH,AMPHENOL CORP NEW,AMPHENOL CORP NEW,2009-12-31,2025-10-31,99,4,stock berfore 2010_new___.csv | stock between 2010_2014_new___.csv | stock between 2015_2019_new___.csv | stock between 2020_2026_new___.csv
ECL,ECOLAB INC,ECOLAB INC,2002-10-31,2022-06-30,98,11,stock berfore 2010_new___.csv | stock between 2010_2014_new___.csv | stock between 2015_2019_new___.csv | stock between 2020_2026_new___.csv
PGR,PROGRESSIVE CORP OH,PROGRESSIVE CORP OH,2002-12-31,2025-09-30,98,17,stock berfore 2010_new___.csv | stock between 2015_2019_new___.csv | stock between 2020_2026_new___.csv
EOG,EOG RESOURCES INC,EOG RESOURCES INC,2004-09-30,2024-07-31,97,13,stock berfore 2010_new___.csv | stock between 2010_2014_new___.csv | stock between 2015_2019_new___.csv | stock between 2020_2026_new___.csv
RDS,ROYAL DUTCH SHELL PLC,ROYAL DUTCH SHELL PLC,2008-02-29,2020-01-31,96,14,stock berfore 2010_new___.csv | stock between 2010_2014_new___.csv | stock between 2015_2019_new___.csv | stock between 2020_2026_new___.csv
NSRGY,NESTLE SA DR,Nestle S A | NESTLE SA DR,2007-05-31,2020-09-30,88,6,stock berfore 2010_new___.csv | stock between 2010_2014_new___.csv | stock between 2015_2019_new___.csv | stock between 2020_2026_new___.csv
TEVA,TEVA PHARMACEUTICAL INDS LTD,TEVA PHARMACEUTICAL INDS LTD | TEVA PHARMACEUTICAL INDUSTRIES LTD ORD,2004-12-31,2016-06-30,88,11,stock berfore 2010_new___.csv | stock between 2010_2014_new___.csv | stock between 2015_2019_new___.csv
TJX,T J X COMPANIES INC NEW,T J X COMPANIES INC NEW,2007-12-31,2025-10-31,88,15,stock berfore 2010_new___.csv | stock between 2010_2014_new___.csv | stock between 2015_2019_new___.csv | stock between 2020_2026_new___.csv
JCI,JOHNSON CONTROLS INTL PLC,JOHNSON CONTROLS INC | JOHNSON CONTROLS INTL PLC,2002-10-31,2025-10-31,86,15,stock berfore 2010_new___.csv | stock between 2010_2014_new___.csv | stock between 2015_2019_new___.csv | stock between 2020_2026_new___.csv
MDLZ,MONDELEZ INTERNATIONAL INC,MONDELEZ INTERNATIONAL INC,2012-10-31,2021-03-31,86,9,stock between 2010_2014_new___.csv | stock between 2015_2019_new___.csv | stock between 2020_2026_new___.csv
BAX,BAXTER INTERNATIONAL INC,BAXTER INTERNATIONAL INC,2002-10-31,2017-04-30,85,21,stock berfore 2010_new___.csv | stock between 2010_2014_new___.csv | stock between 2015_2019_new___.csv
GM,GENERAL MOTORS CO,GENERAL MOTORS CORP | GENERAL MOTORS CO,2003-03-31,2023-06-30,85,8,stock berfore 2010_new___.csv | stock between 2010_2014_new___.csv | stock between 2015_2019_new___.csv | stock between 2020_2026_new___.csv
BCE,B C E INC,B C E INC,2010-01-31,2017-09-30,84,3,stock between 2010_2014_new___.csv | stock between 2015_2019_new___.csv
FCX,FREEPORT MCMORAN COPPER & GOLD,FREEPORT MCMORAN COPPER & GOLD | FREEPORT MCMORAN INC,2003-09-30,2022-11-30,83,14,stock berfore 2010_new___.csv | stock between 2010_2014_new___.csv | stock between 2020_2026_new___.csv
MS,MORGAN STANLEY DEAN WITTER & CO,Msdw Discover & Co | MORGAN STANLEY DEAN WITTER & CO,2003-04-30,2025-10-31,83,16,stock berfore 2010_new___.csv | stock between 2010_2014_new___.csv | stock between 2015_2019_new___.csv | stock between 2020_2026_new___.csv
PX,PRAXAIR INC,PRAXAIR INC,2002-10-31,2018-09-30,83,13,stock berfore 2010_new___.csv | stock between 2010_2014_new___.csv | stock between 2015_2019_new___.csv
APD,AIR PRODUCTS & CHEMICALS INC,AIR PRODUCTS & CHEMICALS INC,2002-09-30,2025-09-30,82,11,stock berfore 2010_new___.csv | stock between 2010_2014_new___.csv | stock between 2015_2019_new___.csv | stock between 2020_2026_new___.csv
CME,C M E GROUP INC,C M E GROUP INC | CHICAGO MERCANTILE EXCH HLDG INC,2006-06-30,2022-08-31,80,13,stock berfore 2010_new___.csv | stock between 2015_2019_new___.csv | stock between 2020_2026_new___.csv
NOV,NOV INC ORD,NATIONAL OILWELL VARCO INC | NOV INC ORD,2006-05-31,2018-06-30,80,15,stock berfore 2010_new___.csv | stock between 2010_2014_new___.csv | stock between 2015_2019_new___.csv
ANTM,ANTHEM INC,ANTHEM INC,2014-12-31,2022-05-31,79,12,stock between 2010_2014_new___.csv | stock between 2015_2019_new___.csv | stock between 2020_2026_new___.csv
TOT,TOTAL S A,TOTAL S A,2006-12-31,2019-02-28,78,12,stock berfore 2010_new___.csv | stock between 2010_2014_new___.csv | stock between 2015_2019_new___.csv
SBUX,STARBUCKS CORP,STARBUCKS CORP,2002-11-30,2023-06-30,76,15,stock berfore 2010_new___.csv | stock between 2010_2014_new___.csv | stock between 2015_2019_new___.csv | stock between 2020_2026_new___.csv
LTD,LIMITED BRANDS INC,LIMITED BRANDS INC,2003-06-30,2016-06-30,75,6,stock berfore 2010_new___.csv | stock between 2010_2014_new___.csv | stock between 2015_2019_new___.csv
CL,COLGATE PALMOLIVE CO,COLGATE PALMOLIVE CO,2002-10-31,2017-06-30,74,19,stock berfore 2010_new___.csv | stock between 2010_2014_new___.csv | stock between 2015_2019_new___.csv
DE,DEERE & CO,DEERE & CO,2003-09-30,2025-03-31,72,19,stock berfore 2010_new___.csv | stock between 2010_2014_new___.csv | stock between 2015_2019_new___.csv | stock between 2020_2026_new___.csv
GD,GENERAL DYNAMICS CORP,GENERAL DYNAMICS CORP | General Dynamics Corp,2002-11-30,2018-09-30,72,17,stock berfore 2010_new___.csv | stock between 2010_2014_new___.csv | stock between 2015_2019_new___.csv
ROP,ROPER TECHNOLOGIES INC,ROPER TECHNOLOGIES INC,2015-07-31,2022-11-30,71,5,stock between 2015_2019_new___.csv | stock between 2020_2026_new___.csv
RTN,RAYTHEON CO,RAYTHEON CO,2002-12-31,2020-01-31,71,15,stock berfore 2010_new___.csv | stock between 2010_2014_new___.csv | stock between 2015_2019_new___.csv | stock between 2020_2026_new___.csv
AMT,AMERICAN TOWER CORP NEW,AMERICAN TOWER CORP | AMERICAN TOWER CORP NEW,2009-09-30,2021-01-31,70,15,stock berfore 2010_new___.csv | stock between 2010_2014_new___.csv | stock between 2015_2019_new___.csv | stock between 2020_2026_new___.csv
BLK,BLACKROCK INC ORD,BLACKROCK INC ORD | BLACKROCK INC NEW,2012-03-31,2025-09-30,69,7,stock between 2010_2014_new___.csv | stock between 2015_2019_new___.csv | stock between 2020_2026_new___.csv
CBS,C B S CORP NEW,C B S CORP NEW,2005-10-31,2023-03-31,69,14,stock berfore 2010_new___.csv | stock between 2010_2014_new___.csv | stock between 2020_2026_new___.csv
INTU,INTUIT INC,INTUIT INC,2007-01-31,2022-03-31,69,6,stock berfore 2010_new___.csv | stock between 2010_2014_new___.csv | stock between 2015_2019_new___.csv | stock between 2020_2026_new___.csv
MON,MONSANTO CO NEW,MONSANTO CO NEW,2007-09-30,2017-10-31,69,15,stock berfore 2010_new___.csv | stock between 2010_2014_new___.csv | stock between 2015_2019_new___.csv
BK,BANK OF NEW YORK MELLON CORP,BANK OF NEW YORK MELLON CORP | BANK NEW YORK INC,2002-09-30,2018-12-31,68,22,stock berfore 2010_new___.csv | stock between 2010_2014_new___.csv | stock between 2015_2019_new___.csv
ITW,ILLINOIS TOOL WORKS INC,ILLINOIS TOOL WORKS INC,2002-12-31,2018-03-31,68,12,stock berfore 2010_new___.csv | stock between 2010_2014_new___.csv | stock between 2015_2019_new___.csv
APA,APA CORP (US) ORD,APACHE CORP | APA CORP (US) ORD | A P A CORP,2005-06-30,2023-12-31,66,23,stock berfore 2010_new___.csv | stock between 2010_2014_new___.csv | stock between 2015_2019_new___.csv | stock between 2020_2026_new___.csv
EEFT,EURONET WORLDWIDE INC,EURONET WORLDWIDE INC,2009-03-31,2022-05-31,66,1,stock berfore 2010_new___.csv | stock between 2010_2014_new___.csv | stock between 2015_2019_new___.csv | stock between 2020_2026_new___.csv
OKE,ONEOK INC NEW,ONEOK INC NEW,2009-09-30,2022-06-30,66,4,stock berfore 2010_new___.csv | stock between 2010_2014_new___.csv | stock between 2020_2026_new___.csv
BUD,ANHEUSER BUSCH INBEV SA NV,ANHEUSER BUSCH COS INC | ANHEUSER BUSCH INBEV SA NV,2002-08-31,2014-06-30,65,15,stock berfore 2010_new___.csv | stock between 2010_2014_new___.csv
LO,LORILLARD INC,LORILLARD INC,2008-06-30,2015-05-31,65,7,stock berfore 2010_new___.csv | stock between 2010_2014_new___.csv | stock between 2015_2019_new___.csv
LVS,LAS VEGAS SANDS CORP,LAS VEGAS SANDS CORP,2011-10-31,2019-12-31,65,6,stock between 2010_2014_new___.csv | stock between 2015_2019_new___.csv
POOL,POOL CORP,POOL CORP,2011-01-31,2022-11-30,65,1,stock between 2010_2014_new___.csv | stock between 2015_2019_new___.csv | stock between 2020_2026_new___.csv
CRM,SALESFORCE COM INC,SALESFORCE COM INC | SALESFORCE INC,2010-05-31,2025-10-31,64,10,stock between 2010_2014_new___.csv | stock between 2015_2019_new___.csv | stock between 2020_2026_new___.csv
HHC,HOWARD HUGHES CORP,HOWARD HUGHES CORP,2013-04-30,2020-01-31,64,1,stock between 2010_2014_new___.csv | stock between 2015_2019_new___.csv | stock between 2020_2026_new___.csv
KFT,KRAFT FOODS INC,KRAFT FOODS INC,2003-11-30,2012-09-30,62,12,stock berfore 2010_new___.csv | stock between 2010_2014_new___.csv
CAH,CARDINAL HEALTH INC,CARDINAL HEALTH INC,2002-08-31,2025-11-30,61,13,stock berfore 2010_new___.csv | stock between 2010_2014_new___.csv | stock between 2015_2019_new___.csv | stock between 2020_2026_new___.csv
GSK,GLAXOSMITHKLINE PLC,GLAXOSMITHKLINE PLC | GSK PLC ORD | G S K PLC,2003-03-31,2022-06-30,61,8,stock berfore 2010_new___.csv | stock between 2010_2014_new___.csv | stock between 2015_2019_new___.csv | stock between 2020_2026_new___.csv
KRNY,KEARNY FINANCIAL CORP NEW,KEARNY FINANCIAL CORP NEW,2016-04-30,2022-11-30,61,1,stock between 2015_2019_new___.csv | stock between 2020_2026_new___.csv
LDOS,LEIDOS HOLDINGS INC,LEIDOS HOLDINGS INC,2017-02-28,2022-11-30,61,1,stock between 2015_2019_new___.csv | stock between 2020_2026_new___.csv
NG,NATIONAL GRID PLC ORD,NATIONAL GRID PLC ORD,2011-04-30,2016-09-30,61,3,stock between 2010_2014_new___.csv | stock between 2015_2019_new___.csv
TROW,T ROWE PRICE GROUP INC,T ROWE PRICE GROUP INC,2006-09-30,2015-11-30,61,6,stock berfore 2010_new___.csv | stock between 2010_2014_new___.csv | stock between 2015_2019_new___.csv
ASML,A S M L HOLDING N V,A S M L HOLDING N V | ASML HOLDING NV ORD,2009-02-28,2023-02-28,60,10,stock berfore 2010_new___.csv | stock between 2010_2014_new___.csv | stock between 2015_2019_new___.csv | stock between 2020_2026_new___.csv
BKNG,BOOKING HOLDINGS INC ORD,BOOKING HOLDINGS INC ORD | BOOKING HOLDINGS INC,2010-07-31,2025-08-31,60,12,stock between 2010_2014_new___.csv | stock between 2015_2019_new___.csv | stock between 2020_2026_new___.csv
CAM,CAMERON INTERNATIONAL CORP,COOPER CAMERON CORP | CAMERON INTERNATIONAL CORP,2002-12-31,2013-05-31,60,5,stock berfore 2010_new___.csv | stock between 2010_2014_new___.csv
KMI,KINDER MORGAN INC,KINDER MORGAN INC,2011-11-30,2022-09-30,60,7,stock between 2010_2014_new___.csv | stock between 2015_2019_new___.csv | stock between 2020_2026_new___.csv
WYE,WYETH,WYETH,2002-10-31,2009-06-30,60,25,stock berfore 2010_new___.csv
CCL,CARNIVAL CORP,CARNIVAL CORP,2005-05-31,2018-12-31,59,10,stock berfore 2010_new___.csv | stock between 2010_2014_new___.csv | stock between 2015_2019_new___.csv
HAL,HALLIBURTON CO,HALLIBURTON COMPANY | HALLIBURTON CO,2002-12-31,2014-09-30,59,21,stock berfore 2010_new___.csv | stock between 2010_2014_new___.csv
IMT,IMPERIAL BRANDS PLC ORD,IMPERIAL BRANDS PLC ORD | IMPERIAL TOBACCO GROUP PLC ORD,2011-07-31,2015-05-31,58,4,stock between 2010_2014_new___.csv | stock between 2015_2019_new___.csv
BIIB,BIOGEN IDEC INC,BIOGEN IDEC INC | BIOGEN INC,2007-10-31,2018-04-30,57,10,stock berfore 2010_new___.csv | stock between 2010_2014_new___.csv | stock between 2015_2019_new___.csv
CMI,CUMMINS INC,CUMMINS INC,2010-06-30,2020-11-30,57,10,stock between 2010_2014_new___.csv | stock between 2020_2026_new___.csv
AMJ,JPMORGAN CHASE & CO,JPMORGAN CHASE & CO,2012-05-31,2024-04-30,56,3,stock between 2010_2014_new___.csv | stock between 2015_2019_new___.csv | stock between 2020_2026_new___.csv
WLP,WELLPOINT INC,WELLPOINT INC | WELLPOINT HEALTH NETWRKS INC NEW,2002-12-31,2014-06-30,56,20,stock berfore 2010_new___.csv | stock between 2010_2014_new___.csv
ADP,AUTOMATIC DATA PROCESSING INC,AUTOMATIC DATA PROCESSING INC,2008-06-30,2022-11-30,55,6,stock berfore 2010_new___.csv | stock between 2010_2014_new___.csv | stock between 2015_2019_new___.csv | stock between 2020_2026_new___.csv
PYPL,PAYPAL HOLDINGS INC,PAYPAL HOLDINGS INC,2016-03-31,2022-09-30,55,14,stock between 2015_2019_new___.csv | stock between 2020_2026_new___.csv
WMB,WILLIAMS COS,WILLIAMS COS,2007-12-31,2022-06-30,55,8,stock berfore 2010_new___.csv | stock between 2010_2014_new___.csv | stock between 2015_2019_new___.csv | stock between 2020_2026_new___.csv
AMAT,APPLIED MATERIALS INC,APPLIED MATERIALS INC,2002-11-30,2022-03-31,54,13,stock berfore 2010_new___.csv | stock between 2010_2014_new___.csv | stock between 2015_2019_new___.csv | stock between 2020_2026_new___.csv
DTV,DIRECTV,DIRECTV GROUP INC | DIRECTV,2006-03-31,2015-06-30,54,8,stock berfore 2010_new___.csv | stock between 2010_2014_new___.csv | stock between 2015_2019_new___.csv
SCMN,SWISSCOM AG ORD,SWISSCOM AG ORD,2010-10-31,2014-11-30,54,2,stock between 2010_2014_new___.csv
SHOP,SHOPIFY INC,SHOPIFY INC,2020-01-31,2025-06-30,54,2,stock between 2020_2026_new___.csv
WBA,WALGREENS BOOTS ALLIANCE INC,WALGREENS BOOTS ALLIANCE INC ORD | WALGREENS BOOTS ALLIANCE INC,2010-06-30,2024-03-31,54,13,stock between 2010_2014_new___.csv | stock between 2015_2019_new___.csv | stock between 2020_2026_new___.csv
DVN,DEVON ENERGY CORP NEW,DEVON ENERGY CORP NEW,2002-12-31,2018-06-30,53,15,stock berfore 2010_new___.csv | stock between 2010_2014_new___.csv | stock between 2015_2019_new___.csv
ISRG,INTUITIVE SURGICAL INC,INTUITIVE SURGICAL INC,2009-06-30,2021-07-31,53,6,stock berfore 2010_new___.csv | stock between 2010_2014_new___.csv | stock between 2015_2019_new___.csv | stock between 2020_2026_new___.csv
GWW,GRAINGER W W INC,GRAINGER W W INC,2005-09-30,2014-09-30,52,8,stock berfore 2010_new___.csv | stock between 2010_2014_new___.csv
MYL,MYLAN INC,MYLAN INC,2003-06-30,2015-07-31,52,8,stock berfore 2010_new___.csv | stock between 2010_2014_new___.csv | stock between 2015_2019_new___.csv
VIA,VIACOM INC NEW,VIACOM INC | VIACOM INC NEW,2002-10-31,2011-04-30,52,14,stock berfore 2010_new___.csv | stock between 2010_2014_new___.csv
EW,EDWARDS LIFESCIENCES CORP,EDWARDS LIFESCIENCES CORP,2011-09-30,2022-06-30,51,5,stock between 2010_2014_new___.csv | stock between 2015_2019_new___.csv | stock between 2020_2026_new___.csv
HES,HESS CORP,HESS CORP,2007-12-31,2025-03-31,51,12,stock berfore 2010_new___.csv | stock between 2010_2014_new___.csv | stock between 2015_2019_new___.csv | stock between 2020_2026_new___.csv
SU,SUNCOR ENERGY INC NEW,SUNCOR ENERGY INC | SUNCOR ENERGY INC NEW,2006-06-30,2014-06-30,51,7,stock berfore 2010_new___.csv | stock between 2010_2014_new___.csv
ACE,ACE LTD,ACE LTD | ACE LTD NEW,2004-03-31,2015-12-31,49,13,stock berfore 2010_new___.csv | stock between 2010_2014_new___.csv | stock between 2015_2019_new___.csv
CMCSK,COMCAST CORP NEW,COMCAST CORP NEW,2002-12-31,2015-03-31,49,10,stock berfore 2010_new___.csv | stock between 2010_2014_new___.csv | stock between 2015_2019_new___.csv
TEL,TYCO ELECTRONICS LTD,TYCO ELECTRONICS LTD | T E CONNECTIVITY PLC,2008-06-30,2025-09-30,49,9,stock berfore 2010_new___.csv | stock between 2010_2014_new___.csv | stock between 2015_2019_new___.csv | stock between 2020_2026_new___.csv
TYC,TYCO INTERNATIONAL LTD NEW,TYCO INTERNATIONAL LTD NEW | TYCO INTERNATIONAL LTD BERMUDA,2002-09-30,2012-09-30,49,15,stock berfore 2010_new___.csv | stock between 2010_2014_new___.csv
D,DOMINION RESOURCES INC VA NEW,DOMINION RESOURCES INC VA NEW | DOMINION ENERGY INC,2004-09-30,2025-03-31,48,8,stock berfore 2010_new___.csv | stock between 2010_2014_new___.csv | stock between 2015_2019_new___.csv | stock between 2020_2026_new___.csv
LKQ,L K Q CORP,L K Q CORP,2014-02-28,2023-06-30,48,2,stock between 2010_2014_new___.csv | stock between 2015_2019_new___.csv | stock between 2020_2026_new___.csv
MCHP,MICROCHIP TECHNOLOGY INC,MICROCHIP TECHNOLOGY INC,2007-01-31,2023-03-31,48,9,stock berfore 2010_new___.csv | stock between 2010_2014_new___.csv | stock between 2015_2019_new___.csv | stock between 2020_2026_new___.csv
FEIC,F E I CO,F E I CO,2012-08-31,2016-07-31,46,1,stock between 2010_2014_new___.csv | stock between 2015_2019_new___.csv
ICE,INTERCONTINENTALEXCHANGE GRP INC,INTERCONTINENTALEXCHANGE INC | INTERCONTINENTAL EXCHANGE INC ORD | INTERCONTINENTALEXCHANGE GRP INC,2009-03-31,2025-06-30,46,11,stock berfore 2010_new___.csv | stock between 2010_2014_new___.csv | stock between 2015_2019_new___.csv | stock between 2020_2026_new___.csv
M,MACYS INC,MACYS INC,2006-05-31,2015-06-30,46,9,stock berfore 2010_new___.csv | stock between 2010_2014_new___.csv | stock between 2015_2019_new___.csv
XTO,X T O ENERGY INC,X T O ENERGY INC,2005-08-31,2009-12-31,46,9,stock berfore 2010_new___.csv
AKAM,AKAMAI TECHNOLOGIES INC,AKAMAI TECHNOLOGIES INC,2010-03-31,2022-09-30,45,4,stock between 2010_2014_new___.csv | stock between 2015_2019_new___.csv | stock between 2020_2026_new___.csv
HECO,STRATEGY SHARES,HUNTINGTON STRATEGY SHARES | STRATEGY SHARES,2013-06-30,2019-03-31,45,1,stock between 2010_2014_new___.csv | stock between 2015_2019_new___.csv
MMC,MARSH & MCLENNAN COS INC,MARSH & MCLENNAN COS INC,2002-10-31,2020-06-30,45,16,stock berfore 2010_new___.csv | stock between 2010_2014_new___.csv | stock between 2015_2019_new___.csv | stock between 2020_2026_new___.csv
OMC,OMNICOM GROUP INC,OMNICOM GROUP INC,2002-12-31,2017-03-31,45,9,stock berfore 2010_new___.csv | stock between 2010_2014_new___.csv | stock between 2015_2019_new___.csv
STE,STERIS PLC,STERIS PLC | STERIS PLC NEW,2017-01-31,2022-11-30,45,1,stock between 2015_2019_new___.csv | stock between 2020_2026_new___.csv
VAL,VALSPAR CORP,VALSPAR CORP,2007-09-30,2016-06-30,45,1,stock berfore 2010_new___.csv | stock between 2010_2014_new___.csv | stock between 2015_2019_new___.csv
BX,BLACKSTONE INC ORD,BLACKSTONE INC ORD | BLACKSTONE INC,2013-12-31,2024-10-31,44,8,stock between 2010_2014_new___.csv | stock between 2015_2019_new___.csv | stock between 2020_2026_new___.csv
SYK,STRYKER CORP,STRYKER CORP,2004-11-30,2022-10-31,44,7,stock berfore 2010_new___.csv | stock between 2010_2014_new___.csv | stock between 2020_2026_new___.csv
AMD,ADVANCED MICRO DEVICES INC,ADVANCED MICRO DEVICES INC,2020-07-31,2025-10-31,43,9,stock between 2020_2026_new___.csv
RTX,RAYTHEON TECHNOLOGIES CORP,RAYTHEON TECHNOLOGIES CORP,2020-12-31,2022-12-31,43,5,stock between 2020_2026_new___.csv
CTSH,COGNIZANT TECHNOLOGY SOLS CORP,COGNIZANT TECHNOLOGY SOLS CORP,2006-06-30,2016-03-31,42,8,stock berfore 2010_new___.csv | stock between 2010_2014_new___.csv | stock between 2015_2019_new___.csv
LNC,LINCOLN NATIONAL CORP,LINCOLN NATIONAL CORP,2004-03-31,2021-09-30,42,7,stock berfore 2010_new___.csv | stock between 2010_2014_new___.csv | stock between 2015_2019_new___.csv | stock between 2020_2026_new___.csv
RELIQ,RELIANCE INDUSTRIES GDR REG S,RELIANCE INDUSTRIES GDR REG S,2017-04-30,2022-06-30,42,1,stock between 2015_2019_new___.csv | stock between 2020_2026_new___.csv
WPI,WATSON PHARMACEUTICALS INC,WATSON PHARMACEUTICALS INC,2009-12-31,2015-05-31,42,11,stock berfore 2010_new___.csv | stock between 2010_2014_new___.csv | stock between 2015_2019_new___.csv
ALK,ALASKA AIRGROUP INC,ALASKA AIRGROUP INC,2012-07-31,2017-02-28,41,2,stock between 2010_2014_new___.csv | stock between 2015_2019_new___.csv
DDD,3 D SYSTEMS CORP DEL,3 D SYSTEMS CORP DEL,2011-05-31,2017-04-30,41,1,stock between 2010_2014_new___.csv | stock between 2015_2019_new___.csv
GIS,GENERAL MILLS INC,GENERAL MILLS INC,2004-03-31,2023-05-31,41,11,stock berfore 2010_new___.csv | stock between 2010_2014_new___.csv | stock between 2015_2019_new___.csv | stock between 2020_2026_new___.csv
LH,LABCORP HOLDINGS INC ORD,LABORATORY CORP AMERICA HLDGS | LABCORP HOLDINGS INC ORD,2003-09-30,2022-12-31,41,4,stock berfore 2010_new___.csv | stock between 2010_2014_new___.csv | stock between 2015_2019_new___.csv | stock between 2020_2026_new___.csv
LMNX,LUMINEX CORP,LUMINEX CORP,2007-12-31,2016-07-31,41,1,stock berfore 2010_new___.csv | stock between 2010_2014_new___.csv | stock between 2015_2019_new___.csv
MER,MERRILL LYNCH & CO INC,MERRILL LYNCH & CO INC,2003-08-31,2007-08-31,41,9,stock berfore 2010_new___.csv
SPG,SIMON PROPERTY GROUP INC NEW,SIMON PROPERTY GROUP INC NEW,2007-12-31,2019-04-30,41,8,stock berfore 2010_new___.csv | stock between 2010_2014_new___.csv | stock between 2015_2019_new___.csv
DOV,DOVER CORP,DOVER CORP,2004-04-30,2021-12-31,40,8,stock berfore 2010_new___.csv | stock between 2010_2014_new___.csv | stock between 2015_2019_new___.csv | stock between 2020_2026_new___.csv
NOVN,NOVARTIS AG ORD,NOVARTIS AG ORD,2013-03-31,2025-10-31,40,4,stock between 2010_2014_new___.csv | stock between 2015_2019_new___.csv | stock between 2020_2026_new___.csv
SIAL,SIGMA ALDRICH CORP,SIGMA ALDRICH CORP,2007-12-31,2015-08-31,40,6,stock berfore 2010_new___.csv | stock between 2010_2014_new___.csv | stock between 2015_2019_new___.csv
PCP,PRECISION CASTPARTS CORP,PRECISION CASTPARTS CORP,2009-06-30,2015-12-31,39,4,stock berfore 2010_new___.csv | stock between 2010_2014_new___.csv | stock between 2015_2019_new___.csv
PRU,PRUDENTIAL FINANCIAL INC,PRUDENTIAL FINANCIAL INC,2006-07-31,2022-03-31,39,15,stock berfore 2010_new___.csv | stock between 2010_2014_new___.csv | stock between 2015_2019_new___.csv | stock between 2020_2026_new___.csv
WAG,WALGREEN CO,WALGREEN CO,2003-07-31,2009-12-31,39,11,stock berfore 2010_new___.csv
EL,LAUDER ESTEE COS INC,LAUDER ESTEE COS INC,2003-06-30,2019-09-30,38,9,stock berfore 2010_new___.csv | stock between 2010_2014_new___.csv | stock between 2015_2019_new___.csv
HUSE,STRATEGY SHARES,HUNTINGTON STRATEGY SHARES | STRATEGY SHARES,2012-12-31,2018-06-30,38,1,stock between 2010_2014_new___.csv | stock between 2015_2019_new___.csv
PNR,PENTAIR INC,PENTAIR INC,2004-12-31,2013-12-31,38,5,stock berfore 2010_new___.csv | stock between 2010_2014_new___.csv
SHPG,SHIRE PLC,SHIRE PLC,2013-12-31,2017-06-30,38,4,stock between 2010_2014_new___.csv | stock between 2015_2019_new___.csv
TWC,TIME WARNER CABLE INC,TIME WARNER CABLE INC,2010-02-28,2016-03-31,38,8,stock between 2010_2014_new___.csv | stock between 2015_2019_new___.csv
AME,AMETEK INC NEW,AMETEK INC NEW,2012-12-31,2016-10-31,37,4,stock between 2010_2014_new___.csv | stock between 2015_2019_new___.csv
AON,AON PLC NEW,AON CORP | AON PLC NEW,2010-12-31,2025-09-30,37,5,stock between 2010_2014_new___.csv | stock between 2015_2019_new___.csv | stock between 2020_2026_new___.csv
LIN,LINDE PLC,LINENS N THINGS INC | LINDE PLC,2003-04-30,2023-04-30,37,7,stock berfore 2010_new___.csv | stock between 2015_2019_new___.csv | stock between 2020_2026_new___.csv
NVS,NOVARTIS A G,NOVARTIS A G,2007-12-31,2019-03-31,37,3,stock berfore 2010_new___.csv | stock between 2010_2014_new___.csv | stock between 2015_2019_new___.csv
ORLY,O REILLY AUTOMOTIVE INC NEW,O REILLY AUTOMOTIVE INC | O'REILLY AUTOMOTIVE INC ORD | O REILLY AUTOMOTIVE INC NEW,2008-12-31,2025-03-31,37,6,stock berfore 2010_new___.csv | stock between 2010_2014_new___.csv | stock between 2015_2019_new___.csv | stock between 2020_2026_new___.csv
PPL,P P L CORP,P P L CORP,2009-10-31,2020-07-31,37,6,stock berfore 2010_new___.csv | stock between 2010_2014_new___.csv | stock between 2015_2019_new___.csv | stock between 2020_2026_new___.csv
SNOW,SNOWFLAKE INC,SNOWFLAKE INC,2021-08-31,2025-02-28,37,1,stock between 2020_2026_new___.csv
AFL,AFLAC INC,AFLAC INC,2002-09-30,2025-09-30,36,10,stock berfore 2010_new___.csv | stock between 2010_2014_new___.csv | stock between 2015_2019_new___.csv | stock between 2020_2026_new___.csv
KMB,KIMBERLY CLARK CORP,KIMBERLY CLARK CORP,2002-09-30,2016-03-31,36,16,stock berfore 2010_new___.csv | stock between 2010_2014_new___.csv | stock between 2015_2019_new___.csv
SNY,SANOFI,SANOFI,2011-06-30,2022-09-30,36,7,stock between 2010_2014_new___.csv | stock between 2015_2019_new___.csv | stock between 2020_2026_new___.csv
AZN,ASTRAZENECA PLC,ASTRAZENECA PLC | ASTRAZENECA PLC ORD,2010-03-31,2025-03-31,35,9,stock between 2010_2014_new___.csv | stock between 2015_2019_new___.csv | stock between 2020_2026_new___.csv
IO,ION GEOPHYSICAL CORP ORD,ION GEOPHYSICAL CORP | ION GEOPHYSICAL CORP ORD,2008-03-31,2013-05-31,35,1,stock berfore 2010_new___.csv | stock between 2010_2014_new___.csv
STZ,CONSTELLATION BRANDS INC,CONSTELLATION BRANDS INC,2013-03-31,2021-09-30,35,3,stock between 2010_2014_new___.csv | stock between 2015_2019_new___.csv | stock between 2020_2026_new___.csv
SYY,SYSCO CORP,SYSCO CORP,2002-10-31,2022-07-31,35,13,stock berfore 2010_new___.csv | stock between 2010_2014_new___.csv | stock between 2015_2019_new___.csv | stock between 2020_2026_new___.csv
BEAV,B E AEROSPACE INC,B E AEROSPACE INC,2010-07-31,2016-12-31,34,1,stock between 2010_2014_new___.csv | stock between 2015_2019_new___.csv
DELL,DELL INC,DELL INC | DELL COMPUTER CORP | DELL TECHNOLOGIES INC,2002-10-31,2025-07-31,34,12,stock berfore 2010_new___.csv | stock between 2010_2014_new___.csv | stock between 2020_2026_new___.csv
PSX,PHILLIPS 66,PHILLIPS 66,2013-02-28,2025-09-30,34,6,stock between 2010_2014_new___.csv | stock between 2015_2019_new___.csv | stock between 2020_2026_new___.csv
CHTR,CHARTER COMMUNICATIONS INC NEW,CHARTER COMMUNICATIONS INC NEW,2016-06-30,2024-09-30,33,4,stock between 2015_2019_new___.csv | stock between 2020_2026_new___.csv
DLX,DELUXE CORP,DELUXE CORP,2013-06-30,2017-07-31,33,2,stock between 2010_2014_new___.csv | stock between 2015_2019_new___.csv
ECA,ENCANA CORP,ENCANA CORP,2006-06-30,2010-06-30,33,7,stock berfore 2010_new___.csv | stock between 2010_2014_new___.csv
KLAC,K L A CORP,K L A TENCOR CORP | K L A CORP,2011-10-31,2025-09-30,33,2,stock between 2010_2014_new___.csv | stock between 2020_2026_new___.csv
UBER,UBER TECHNOLOGIES INC,UBER TECHNOLOGIES INC,2020-02-29,2025-04-30,33,5,stock between 2020_2026_new___.csv
EGOV,N I C INC,N I C INC,2008-06-30,2012-12-31,32,1,stock berfore 2010_new___.csv | stock between 2010_2014_new___.csv
FTI,F M C TECHNOLOGIES INC,F M C TECHNOLOGIES INC,2010-07-31,2011-12-31,32,2,stock between 2010_2014_new___.csv
PCAR,PACCAR INC,PACCAR INC,2004-12-31,2025-08-31,32,7,stock berfore 2010_new___.csv | stock between 2010_2014_new___.csv | stock between 2020_2026_new___.csv
PXD,PIONEER NATURAL RESOURCES CO,PIONEER NATURAL RESOURCES CO,2008-03-31,2013-09-30,32,5,stock berfore 2010_new___.csv | stock between 2010_2014_new___.csv
DOW,DOW INC,DOW CHEMICAL CO | DOW INC,2003-04-30,2024-09-30,31,11,stock berfore 2010_new___.csv | stock between 2010_2014_new___.csv | stock between 2015_2019_new___.csv | stock between 2020_2026_new___.csv
MOT,MOTOROLA INC,MOTOROLA INC,2003-09-30,2010-12-31,31,10,stock berfore 2010_new___.csv | stock between 2010_2014_new___.csv
NSC,NORFOLK SOUTHERN CORP,NORFOLK SOUTHERN CORP,2005-09-30,2025-09-30,31,5,stock berfore 2010_new___.csv | stock between 2010_2014_new___.csv | stock between 2015_2019_new___.csv | stock between 2020_2026_new___.csv
VLO,VALERO ENERGY CORP NEW,VALERO ENERGY CORP NEW,2005-06-30,2019-03-31,31,10,stock berfore 2010_new___.csv | stock between 2010_2014_new___.csv | stock between 2015_2019_new___.csv
ZTS,ZOETIS INC,ZOETIS INC,2017-08-31,2021-12-31,31,3,stock between 2015_2019_new___.csv | stock between 2020_2026_new___.csv
ALL,ALLSTATE CORP,ALLSTATE CORP,2002-12-31,2021-09-30,30,10,stock berfore 2010_new___.csv | stock between 2010_2014_new___.csv | stock between 2015_2019_new___.csv | stock between 2020_2026_new___.csv
APC,ANADARKO PETROLEUM CORP,ANADARKO PETROLEUM CORP,2008-03-31,2014-08-31,30,10,stock berfore 2010_new___.csv | stock between 2010_2014_new___.csv
BIDD,BLACKROCK INTERNATIONAL OPPORTUNITIES PORT;INST,BLACKROCK INTERNATIONAL OPPORTUNITIES PORT;INST,2010-06-30,2016-09-30,30,3,stock between 2010_2014_new___.csv | stock between 2015_2019_new___.csv
NE,NOBLE CORPORATION PLC ORD,NOBLE CORP | NOBLE CORP BAAR | NOBLE CORPORATION PLC ORD | NOBLE CORP PLC,2006-08-31,2018-09-30,30,6,stock berfore 2010_new___.csv | stock between 2010_2014_new___.csv | stock between 2015_2019_new___.csv
NET,CLOUDFLARE INC,CLOUDFLARE INC,2022-07-31,2025-02-28,30,1,stock between 2020_2026_new___.csv
OTEX,OPEN TEXT CORP,OPEN TEXT CORP,2011-09-30,2020-01-31,30,1,stock between 2010_2014_new___.csv | stock between 2015_2019_new___.csv | stock between 2020_2026_new___.csv
PLXS,PLEXUS CORP,PLEXUS CORP,2011-09-30,2022-09-30,30,1,stock between 2010_2014_new___.csv | stock between 2015_2019_new___.csv | stock between 2020_2026_new___.csv
TOTF,TOTALENERGIES SE ORD,TOTALENERGIES SE ORD,2012-05-31,2018-07-31,30,4,stock between 2010_2014_new___.csv | stock between 2015_2019_new___.csv
TTD,TRADE DESK INC,TRADE DESK INC,2022-03-31,2024-12-31,30,1,stock between 2020_2026_new___.csv
WM,WASTE MANAGEMENT INC DEL,WASHINGTON MUTUAL INC | WASTE MANAGEMENT INC DEL,2002-12-31,2025-02-28,30,9,stock berfore 2010_new___.csv | stock between 2010_2014_new___.csv | stock between 2015_2019_new___.csv | stock between 2020_2026_new___.csv
WU,WESTERN UNION CO,WESTERN UNION CO,2011-02-28,2016-09-30,30,7,stock between 2010_2014_new___.csv | stock between 2015_2019_new___.csv
AET,AETNA INC NEW,AETNA INC NEW,2004-09-30,2016-03-31,29,7,stock berfore 2010_new___.csv | stock between 2010_2014_new___.csv | stock between 2015_2019_new___.csv
CONN,CONNS INC,CONNS INC,2012-12-31,2019-06-30,29,2,stock between 2010_2014_new___.csv | stock between 2015_2019_new___.csv
HCA,H C A HEALTHCARE INC,H C A INC NEW | H C A HOLDINGS INC | H C A HEALTHCARE INC,2003-09-30,2025-09-30,29,9,stock berfore 2010_new___.csv | stock between 2010_2014_new___.csv | stock between 2015_2019_new___.csv | stock between 2020_2026_new___.csv
HCN,HEALTH CARE REIT INC,HEALTH CARE REIT INC | WELLTOWER INC,2012-09-30,2017-02-28,29,3,stock between 2010_2014_new___.csv | stock between 2015_2019_new___.csv
HUM,HUMANA INC,HUMANA INC,2005-10-31,2022-10-31,29,9,stock berfore 2010_new___.csv | stock between 2010_2014_new___.csv | stock between 2015_2019_new___.csv | stock between 2020_2026_new___.csv
RIG,TRANSOCEAN LTD,TRANSOCEAN LTD | TRANSOCEAN SEDCO FOREX INC | TRANSOCEAN INC NEW,2002-12-31,2013-06-30,29,11,stock berfore 2010_new___.csv | stock between 2010_2014_new___.csv
BBT,B B & T CORP,B B & T CORP,2002-12-31,2019-09-30,28,7,stock berfore 2010_new___.csv | stock between 2010_2014_new___.csv | stock between 2015_2019_new___.csv
DEO,DIAGEO PLC,Diageo Capital PLC | DIAGEO PLC,2003-04-30,2019-06-30,28,7,stock berfore 2010_new___.csv | stock between 2010_2014_new___.csv | stock between 2015_2019_new___.csv
FNGN,FINANCIAL ENGINES INC,FINANCIAL ENGINES INC,2015-11-30,2018-06-30,28,1,stock between 2015_2019_new___.csv
KR,KROGER CO,KROGER COMPANY | KROGER CO,2004-09-30,2015-12-31,28,7,stock berfore 2010_new___.csv | stock between 2010_2014_new___.csv | stock between 2015_2019_new___.csv
NEU,NEWMARKET CORP,NEWMARKET CORP,2008-12-31,2025-09-30,28,2,stock berfore 2010_new___.csv | stock between 2010_2014_new___.csv | stock between 2020_2026_new___.csv
NOC,NORTHROP GRUMMAN CORP,NORTHROP GRUMMAN CORP,2002-12-31,2025-02-28,28,8,stock berfore 2010_new___.csv | stock between 2010_2014_new___.csv | stock between 2015_2019_new___.csv | stock between 2020_2026_new___.csv
SCHN,SCHNEIDER ELECTRIC SA ORD,SCHNEIDER ELECTRIC SA ORD,2018-04-30,2021-12-31,28,1,stock between 2015_2019_new___.csv | stock between 2020_2026_new___.csv
TD,TORONTO DOMINION BANK ONT,TORONTO DOMINION BANK ONT,2015-08-31,2025-06-30,28,3,stock between 2015_2019_new___.csv | stock between 2020_2026_new___.csv
UBS,U B S GROUP A G,U B S GROUP A G,2015-07-31,2025-09-30,28,2,stock between 2015_2019_new___.csv | stock between 2020_2026_new___.csv
ABX,BARRICK GOLD CORP,BARRICK GOLD CORP,2007-09-30,2010-11-30,27,5,stock berfore 2010_new___.csv | stock between 2010_2014_new___.csv
BHI,BAKER HUGHES INC,BAKER HUGHES INC,2003-09-30,2013-06-30,27,9,stock berfore 2010_new___.csv | stock between 2010_2014_new___.csv
DWDP,DOWDUPONT INC,DOWDUPONT INC,2017-09-30,2019-03-31,27,5,stock between 2015_2019_new___.csv
FDC,FIRST DATA CORP,FIRST DATA CORP,2002-09-30,2006-09-30,27,7,stock berfore 2010_new___.csv
HNDL,STRATEGY SHARES,STRATEGY SHARES,2018-01-31,2020-03-31,27,1,stock between 2015_2019_new___.csv | stock between 2020_2026_new___.csv
LAZ,LAZARD LTD,LAZARD LTD | LAZARD INC ORD,2008-12-31,2011-06-30,27,2,stock berfore 2010_new___.csv | stock between 2010_2014_new___.csv
MIDD,MIDDLEBY CORP,MIDDLEBY CORP,2013-03-31,2019-09-30,27,2,stock between 2010_2014_new___.csv | stock between 2015_2019_new___.csv
MLM,MARTIN MARIETTA MATERIALS INC,MARTIN MARIETTA MATERIALS INC,2008-12-31,2025-09-30,27,3,stock berfore 2010_new___.csv | stock between 2010_2014_new___.csv | stock between 2015_2019_new___.csv | stock between 2020_2026_new___.csv
VEEV,VEEVA SYSTEMS INC,VEEVA SYSTEMS INC,2020-03-31,2022-07-31,27,1,stock between 2020_2026_new___.csv
CLF,CLIFFS NATURAL RESOURCES INC,CLIFFS NATURAL RESOURCES INC,2009-09-30,2012-03-31,26,5,stock berfore 2010_new___.csv | stock between 2010_2014_new___.csv
CNI,CANADIAN NATIONAL RAILWAY CO,CANADIAN NATIONAL RAILWAY CO,2006-01-31,2010-05-31,26,5,stock berfore 2010_new___.csv | stock between 2010_2014_new___.csv
CNX,CONSOL ENERGY INC,CONSOL ENERGY INC,2007-12-31,2013-04-30,26,1,stock berfore 2010_new___.csv | stock between 2010_2014_new___.csv
COV,COVIDIEN PLC,COVIDIEN LTD | COVIDIEN PLC,2008-02-29,2014-12-31,26,9,stock berfore 2010_new___.csv | stock between 2010_2014_new___.csv
EQT,E Q T CORP,EQUITABLE RESOURCES INC | E Q T CORP,2005-06-30,2025-09-30,26,9,stock berfore 2010_new___.csv | stock between 2010_2014_new___.csv | stock between 2020_2026_new___.csv
LEG,LEGGETT & PLATT INC,LEGGETT & PLATT INC,2012-10-31,2019-10-31,26,1,stock between 2010_2014_new___.csv | stock between 2015_2019_new___.csv
LHX,L3HARRIS TECHNOLOGIES INC,L3HARRIS TECHNOLOGIES INC,2020-02-29,2022-11-30,26,3,stock between 2020_2026_new___.csv
MSI,MOTOROLA SOLUTIONS INC,MOTOROLA SOLUTIONS INC,2018-06-30,2024-11-30,26,4,stock between 2015_2019_new___.csv | stock between 2020_2026_new___.csv
MWD,MORGAN STANLEY DEAN WITTER & CO,MORGAN STANLEY DEAN WITTER & CO,2003-01-31,2010-03-31,26,13,stock berfore 2010_new___.csv | stock between 2010_2014_new___.csv
ZBH,ZIMMER BIOMET HOLDINGS INC,ZIMMER BIOMET HOLDINGS INC,2016-04-30,2021-06-30,26,5,stock between 2015_2019_new___.csv | stock between 2020_2026_new___.csv
DAL,DELTA AIR LINES INC,DELTA AIR LINES INC,2010-06-30,2024-06-30,25,5,stock between 2010_2014_new___.csv | stock between 2015_2019_new___.csv | stock between 2020_2026_new___.csv
F,FORD MOTOR CO DEL,FORD MOTOR CO DEL,2004-04-30,2020-11-30,25,7,stock berfore 2010_new___.csv | stock between 2010_2014_new___.csv | stock between 2015_2019_new___.csv | stock between 2020_2026_new___.csv
GPC,GENUINE PARTS CO,GENUINE PARTS CO,2013-03-31,2015-05-31,25,1,stock between 2010_2014_new___.csv | stock between 2015_2019_new___.csv
NTRS,NORTHERN TRUST CORP,NORTHERN TRUST CORP,2002-10-31,2025-09-30,25,9,stock berfore 2010_new___.csv | stock between 2010_2014_new___.csv | stock between 2020_2026_new___.csv
NWSA,NEWS CORP,NEWS CORP | TWENTY-FIRST CENTURY FOX INC ORD,2004-12-31,2016-06-30,25,8,stock berfore 2010_new___.csv | stock between 2010_2014_new___.csv | stock between 2015_2019_new___.csv
NXPI,N X P SEMICONDUCTORS N V,N X P SEMICONDUCTORS N V,2014-12-31,2024-05-31,25,6,stock between 2010_2014_new___.csv | stock between 2015_2019_new___.csv | stock between 2020_2026_new___.csv
WB,WACHOVIA CORP 2ND NEW,WACHOVIA CORP 2ND NEW,2002-10-31,2007-06-30,25,9,stock berfore 2010_new___.csv
FFIV,F 5 NETWORKS INC,F 5 NETWORKS INC,2010-06-30,2020-06-30,24,3,stock between 2010_2014_new___.csv | stock between 2015_2019_new___.csv | stock between 2020_2026_new___.csv
KMX,CARMAX INC,CARMAX INC,2010-03-31,2021-06-30,24,2,stock between 2010_2014_new___.csv | stock between 2015_2019_new___.csv | stock between 2020_2026_new___.csv
NVO,NOVO NORDISK A S,NOVO NORDISK A S,2015-05-31,2024-08-31,24,1,stock between 2015_2019_new___.csv | stock between 2020_2026_new___.csv
RPRX,ROYALTY PHARMA PLC,ROYALTY PHARMA PLC,2022-04-30,2024-09-30,24,1,stock between 2020_2026_new___.csv
ACL,ALCON INC,ALCON INC,2009-03-31,2010-10-31,23,4,stock berfore 2010_new___.csv | stock between 2010_2014_new___.csv
AEP,AMERICAN ELECTRIC POWER CO INC,AMERICAN ELECTRIC POWER CO INC,2005-12-31,2020-01-31,23,7,stock berfore 2010_new___.csv | stock between 2010_2014_new___.csv | stock between 2015_2019_new___.csv | stock between 2020_2026_new___.csv
DASH,DOORDASH INC,DOORDASH INC,2022-11-30,2025-02-28,23,1,stock between 2020_2026_new___.csv
DGL,INVESCO DB MULTI SECT COM TR,INVESCO DB MULTI SECT COM TR,2019-06-30,2022-05-31,23,1,stock between 2015_2019_new___.csv | stock between 2020_2026_new___.csv
DLTR,DOLLAR TREE INC,DOLLAR TREE INC,2008-12-31,2020-06-30,23,5,stock berfore 2010_new___.csv | stock between 2010_2014_new___.csv | stock between 2015_2019_new___.csv | stock between 2020_2026_new___.csv
ELS,EQUITY LIFESTYLE PROPERTIES INC,EQUITY LIFESTYLE PROPERTIES INC,2021-06-30,2024-01-31,23,1,stock between 2020_2026_new___.csv
FMC,F M C CORP,F M C CORP,2007-12-31,2022-06-30,23,4,stock berfore 2010_new___.csv | stock between 2010_2014_new___.csv | stock between 2015_2019_new___.csv | stock between 2020_2026_new___.csv
RBLX,ROBLOX CORP,ROBLOX CORP,2021-11-30,2025-02-28,23,1,stock between 2020_2026_new___.csv
SGEF,VINCI SA ORD,VINCI SA ORD,2013-07-31,2014-07-31,23,2,stock between 2010_2014_new___.csv
SPGI,S & P GLOBAL INC,S & P GLOBAL INC,2018-02-28,2021-12-31,23,5,stock between 2015_2019_new___.csv | stock between 2020_2026_new___.csv
UN,UNILEVER N V,UNILEVER N V,2016-01-31,2019-04-30,23,3,stock between 2015_2019_new___.csv
WDC,WESTERN DIGITAL CORP,WESTERN DIGITAL CORP,2007-12-31,2018-05-31,23,7,stock berfore 2010_new___.csv | stock between 2010_2014_new___.csv | stock between 2015_2019_new___.csv
WHR,WHIRLPOOL CORP,WHIRLPOOL CORP,2009-09-30,2021-09-30,23,4,stock berfore 2010_new___.csv | stock between 2010_2014_new___.csv | stock between 2015_2019_new___.csv | stock between 2020_2026_new___.csv
BABA,ALIBABA GROUP HOLDING LTD,ALIBABA GROUP HOLDING LTD,2014-12-31,2020-10-31,22,8,stock between 2010_2014_new___.csv | stock between 2015_2019_new___.csv | stock between 2020_2026_new___.csv
DHI,D R HORTON INC,D R HORTON INC,2012-06-30,2020-09-30,22,2,stock between 2010_2014_new___.csv | stock between 2015_2019_new___.csv | stock between 2020_2026_new___.csv
DTE,D T E ENERGY CO,D T E ENERGY CO,2015-10-31,2020-01-31,22,1,stock between 2015_2019_new___.csv | stock between 2020_2026_new___.csv
ESV,ENSCO PLC DR,E N S C O INTERNATIONAL INC | E N S C O INTL LTD | ENSCO PLC DR | E N S C O PLC,2007-09-30,2013-06-30,22,5,stock berfore 2010_new___.csv | stock between 2010_2014_new___.csv
FHB,FIRST HAWAIIAN INC,FIRST HAWAIIAN INC,2020-11-30,2022-08-31,22,1,stock between 2020_2026_new___.csv
FIS,FIDELITY NATIONAL INFO SVCS INC,FIDELITY NATIONAL INFO SVCS INC,2019-07-31,2024-09-30,22,4,stock between 2015_2019_new___.csv | stock between 2020_2026_new___.csv
FISV,FISERV INC,FISERV INC,2006-08-31,2023-03-31,22,6,stock berfore 2010_new___.csv | stock between 2010_2014_new___.csv | stock between 2015_2019_new___.csv | stock between 2020_2026_new___.csv
FLO,FLOWERS FOODS INC,FLOWERS FOODS INC,2010-08-31,2015-10-31,22,1,stock between 2010_2014_new___.csv | stock between 2015_2019_new___.csv
HNZ,HEINZ H J CO,HEINZ H J CO,2007-12-31,2012-12-31,22,3,stock berfore 2010_new___.csv | stock between 2010_2014_new___.csv
K,KELLOGG CO,Kellogg Co | KELLOGG CO,2002-12-31,2015-01-31,22,10,stock berfore 2010_new___.csv | stock between 2010_2014_new___.csv | stock between 2015_2019_new___.csv
KSS,KOHLS CORP,KOHLS CORP,2003-04-30,2017-12-31,22,9,stock berfore 2010_new___.csv | stock between 2010_2014_new___.csv | stock between 2015_2019_new___.csv
MHP,MCGRAW HILL COS INC,MCGRAW HILL COS INC,2002-12-31,2011-09-30,22,8,stock berfore 2010_new___.csv | stock between 2010_2014_new___.csv
NOW,SERVICENOW INC,SERVICENOW INC,2015-02-28,2020-07-31,22,2,stock between 2015_2019_new___.csv | stock between 2020_2026_new___.csv
SWN,SOUTHWESTERN ENERGY CO,SOUTHWESTERN ENERGY CO,2007-09-30,2022-09-30,22,6,stock berfore 2010_new___.csv | stock between 2010_2014_new___.csv | stock between 2020_2026_new___.csv
TWTR,TWITTER INC,TWITTER INC,2019-05-31,2021-10-31,22,1,stock between 2015_2019_new___.csv | stock between 2020_2026_new___.csv
YHOO,YAHOO INC,YAHOO INC,2003-10-31,2014-12-31,22,9,stock berfore 2010_new___.csv | stock between 2010_2014_new___.csv
AXS,AXIS CAPITAL HOLDINGS LTD,AXIS CAPITAL HOLDINGS LTD,2008-06-30,2010-08-31,21,1,stock berfore 2010_new___.csv | stock between 2010_2014_new___.csv
BWA,BORGWARNER INC,BORGWARNER INC,2002-12-31,2020-12-31,21,8,stock berfore 2010_new___.csv | stock between 2010_2014_new___.csv | stock between 2020_2026_new___.csv
CE,CELANESE CORP DEL,CELANESE CORP DEL,2009-01-31,2018-09-30,21,3,stock berfore 2010_new___.csv | stock between 2010_2014_new___.csv | stock between 2015_2019_new___.csv
CMS,C M S ENERGY CORP,Consumers Energy Co | C M S ENERGY CORP,2004-05-31,2020-01-31,21,3,stock berfore 2010_new___.csv | stock between 2015_2019_new___.csv | stock between 2020_2026_new___.csv
DJP,BARCLAYS BANK PLC,BARCLAYS BANK PLC,2009-11-30,2012-09-30,21,2,stock berfore 2010_new___.csv | stock between 2010_2014_new___.csv
EPIQ,EPIQ SYSTEMS INC,EPIQ SYSTEMS INC,2008-03-31,2016-09-30,21,1,stock berfore 2010_new___.csv | stock between 2010_2014_new___.csv | stock between 2015_2019_new___.csv
MRVL,MARVELL TECHNOLOGY INC,MARVELL TECHNOLOGY GROUP LTD | MARVELL TECHNOLOGY INC,2006-06-30,2022-03-31,21,5,stock berfore 2010_new___.csv | stock between 2010_2014_new___.csv | stock between 2020_2026_new___.csv
NLY,ANNALY CAPITAL MANAGEMENT INC,ANNALY CAPITAL MANAGEMENT INC,2006-06-30,2011-09-30,21,6,stock berfore 2010_new___.csv | stock between 2010_2014_new___.csv
SJM,SMUCKER J M CO,SMUCKER J M CO,2009-03-31,2013-10-31,21,4,stock berfore 2010_new___.csv | stock between 2010_2014_new___.csv
STT,STATE STREET CORP,STATE STREET CORP,2002-12-31,2009-09-30,21,7,stock berfore 2010_new___.csv
TDSC,3 D SYSTEMS CORP DEL,3 D SYSTEMS CORP DEL,2007-12-31,2011-04-30,21,1,stock berfore 2010_new___.csv | stock between 2010_2014_new___.csv
TFC,TRUIST FINANCIAL CORP,TRUIST FINANCIAL CORP,2019-12-31,2022-02-28,21,7,stock between 2015_2019_new___.csv | stock between 2020_2026_new___.csv
VRTX,VERTEX PHARMACEUTICALS INC,VERTEX PHARMACEUTICALS INC,2017-06-30,2025-07-31,21,4,stock between 2015_2019_new___.csv | stock between 2020_2026_new___.csv
ADI,ANALOG DEVICES INC,ANALOG DEVICES INC,2003-06-30,2025-06-30,20,8,stock berfore 2010_new___.csv | stock between 2010_2014_new___.csv | stock between 2015_2019_new___.csv | stock between 2020_2026_new___.csv
AJG,GALLAGHER ARTHUR J & CO,GALLAGHER ARTHUR J & CO,2018-10-31,2025-09-30,20,4,stock between 2015_2019_new___.csv | stock between 2020_2026_new___.csv
ALB,ALBEMARLE CORP,ALBEMARLE CORP,2008-12-31,2014-06-30,20,3,stock berfore 2010_new___.csv | stock between 2010_2014_new___.csv
BID,SOTHEBYS,SOTHEBYS,2012-08-31,2016-05-31,20,1,stock between 2010_2014_new___.csv | stock between 2015_2019_new___.csv
CCI,CROWN CASTLE INTL CORP NEW,CROWN CASTLE INTERNATIONAL COR | CROWN CASTLE INTL CORP NEW,2009-09-30,2021-12-31,20,6,stock berfore 2010_new___.csv | stock between 2015_2019_new___.csv | stock between 2020_2026_new___.csv
CINF,CINCINNATI FINANCIAL CORP,CINCINNATI FINANCIAL CORP,2010-03-31,2016-11-30,20,2,stock between 2010_2014_new___.csv | stock between 2015_2019_new___.csv
JAH,JARDEN CORP,JARDEN CORP,2011-06-30,2016-03-31,20,2,stock between 2010_2014_new___.csv | stock between 2015_2019_new___.csv
MAR,MARRIOTT INTERNATIONAL INC NEW,MARRIOTT INTERNATIONAL INC NEW,2003-12-31,2006-10-31,20,2,stock berfore 2010_new___.csv
MAT,MATTEL INC,MATTEL INC,2003-10-31,2013-06-30,20,6,stock berfore 2010_new___.csv | stock between 2010_2014_new___.csv
NUE,NUCOR CORP,NUCOR CORP,2007-12-31,2024-03-31,20,4,stock berfore 2010_new___.csv | stock between 2020_2026_new___.csv
STX,SEAGATE TECHNOLOGY,SEAGATE TECHNOLOGY,2006-03-31,2015-06-30,20,6,stock berfore 2010_new___.csv | stock between 2010_2014_new___.csv | stock between 2015_2019_new___.csv
UITB,VICTORY PORTFOLIOS II,VICTORY PORTFOLIOS II,2020-12-31,2025-09-30,20,1,stock between 2020_2026_new___.csv
AMP,AMERIPRISE FINANCIAL INC,AMERIPRISE FINANCIAL INC,2010-01-31,2021-05-31,19,5,stock between 2010_2014_new___.csv | stock between 2020_2026_new___.csv
BERY,BERRY GLOBAL GROUP INC,BERRY GLOBAL GROUP INC,2021-05-31,2022-11-30,19,1,stock between 2020_2026_new___.csv
CBI,CHICAGO BRIDGE & IRON CO N V,CHICAGO BRIDGE & IRON CO N V,2013-03-31,2016-06-30,19,2,stock between 2010_2014_new___.csv | stock between 2015_2019_new___.csv
CF,C F INDUSTRIES HOLDINGS INC,CHARTER ONE FINANCIAL INC | C F INDUSTRIES HOLDINGS INC,2003-03-31,2020-03-31,19,5,stock berfore 2010_new___.csv | stock between 2010_2014_new___.csv | stock between 2015_2019_new___.csv | stock between 2020_2026_new___.csv
LECO,LINCOLN ELECTRIC HOLDINGS INC,LINCOLN ELECTRIC HOLDINGS INC,2011-06-30,2024-03-31,19,2,stock between 2010_2014_new___.csv | stock between 2020_2026_new___.csv
LEN,LENNAR CORP,LENNAR CORP,2012-06-30,2020-09-30,19,2,stock between 2010_2014_new___.csv | stock between 2015_2019_new___.csv | stock between 2020_2026_new___.csv
PCG,P G & E CORP,P G & E CORP,2008-03-31,2017-02-28,19,5,stock berfore 2010_new___.csv | stock between 2010_2014_new___.csv | stock between 2015_2019_new___.csv
RCL,ROYAL CARIBBEAN CRUISES LTD,ROYAL CARIBBEAN CRUISES LTD,2003-06-30,2018-09-30,19,4,stock berfore 2010_new___.csv | stock between 2010_2014_new___.csv | stock between 2015_2019_new___.csv
SD,SANDRIDGE ENERGY INC,SANDRIDGE ENERGY INC,2010-09-30,2012-09-30,19,1,stock between 2010_2014_new___.csv
SHEL,SHELL PLC,SHELL PLC | SHELL PLC ORD,2022-01-31,2024-10-31,19,6,stock between 2020_2026_new___.csv
XL,X L CAPITAL LTD,X L CAPITAL LTD,2009-03-31,2012-12-31,19,3,stock berfore 2010_new___.csv | stock between 2010_2014_new___.csv
AA,ALCOA INC,ALCOA INC,2002-11-30,2016-03-31,18,9,stock berfore 2010_new___.csv | stock between 2015_2019_new___.csv
AFG,AMERICAN FINANCIAL GROUP INC NEW,AMERICAN FINANCIAL GROUP INC NEW,2015-01-31,2015-11-30,18,2,stock between 2015_2019_new___.csv
ALGN,ALIGN TECHNOLOGY INC,ALIGN TECHNOLOGY INC,2017-09-30,2022-03-31,18,1,stock between 2015_2019_new___.csv | stock between 2020_2026_new___.csv
ATO,ATMOS ENERGY CORP,ATMOS ENERGY CORP,2018-11-30,2020-04-30,18,1,stock between 2015_2019_new___.csv | stock between 2020_2026_new___.csv
CMA,COMERICA INC,COMERICA INC,2007-02-28,2018-03-31,18,3,stock berfore 2010_new___.csv | stock between 2010_2014_new___.csv | stock between 2015_2019_new___.csv
FLIR,FLIR SYSTEMS INC,FLIR SYSTEMS INC,2011-03-31,2013-12-31,18,2,stock between 2010_2014_new___.csv
GLW,CORNING INC,CORNING INC,2008-02-29,2024-06-30,18,9,stock berfore 2010_new___.csv | stock between 2010_2014_new___.csv | stock between 2020_2026_new___.csv
KVUE,KENVUE INC,KENVUE INC,2024-10-31,2025-05-31,18,3,stock between 2020_2026_new___.csv
MHK,MOHAWK INDUSTRIES INC,MOHAWK INDUSTRIES INC,2002-12-31,2016-07-31,18,4,stock berfore 2010_new___.csv | stock between 2010_2014_new___.csv | stock between 2015_2019_new___.csv
MRO,MARATHON OIL CORP,MARATHON OIL CORP,2003-09-30,2011-04-30,18,6,stock berfore 2010_new___.csv | stock between 2010_2014_new___.csv
MU,MICRON TECHNOLOGY INC,MICRON TECHNOLOGY INC,2009-10-31,2021-09-30,18,6,stock berfore 2010_new___.csv | stock between 2010_2014_new___.csv | stock between 2015_2019_new___.csv | stock between 2020_2026_new___.csv
NFLX,NETFLIX INC,NETFLIX INC,2010-03-31,2025-06-30,18,7,stock between 2010_2014_new___.csv | stock between 2015_2019_new___.csv | stock between 2020_2026_new___.csv
OII,OCEANEERING INTERNATIONAL INC,OCEANEERING INTERNATIONAL INC,2012-12-31,2016-05-31,18,2,stock between 2010_2014_new___.csv | stock between 2015_2019_new___.csv
PAA,PLAINS ALL AMERN PIPELINE L P,PLAINS ALL AMERN PIPELINE L P,2012-12-31,2018-09-30,18,2,stock between 2010_2014_new___.csv | stock between 2015_2019_new___.csv
SQ,SQUARE INC,SQUARE INC,2020-06-30,2021-11-30,18,1,stock between 2020_2026_new___.csv
SWKS,SKYWORKS SOLUTIONS INC,SKYWORKS SOLUTIONS INC,2015-08-31,2019-12-31,18,4,stock between 2015_2019_new___.csv
VIRT,VIRTU FINANCIAL INC,VIRTU FINANCIAL INC,2020-05-31,2021-10-31,18,1,stock between 2020_2026_new___.csv
VRX,VALEANT PHARMACEUTICALS INTL INC,VALEANT PHARMACEUTICALS INTL | VALEANT PHARMACEUTICALS INTL INC,2009-12-31,2015-10-31,18,3,stock berfore 2010_new___.csv | stock between 2010_2014_new___.csv | stock between 2015_2019_new___.csv
AZO,AUTOZONE INC,AUTOZONE INC,2009-01-31,2016-02-29,17,7,stock berfore 2010_new___.csv | stock between 2010_2014_new___.csv | stock between 2015_2019_new___.csv
BKR,BAKER HUGHES CO,BAKER HUGHES CO,2021-05-31,2022-07-31,17,3,stock between 2020_2026_new___.csv
CBL,C B L & ASSOCIATES PPTYS INC,C B L & ASSOCIATES PPTYS INC,2010-01-31,2014-04-30,17,1,stock between 2010_2014_new___.csv
DNA,GENENTECH INC,GENENTECH INC,2003-10-31,2009-02-28,17,10,stock berfore 2010_new___.csv
DO,DIAMOND OFFSHORE DRILLING INC,DIAMOND OFFSHORE DRILLING INC,2005-03-31,2012-07-31,17,4,stock berfore 2010_new___.csv | stock between 2010_2014_new___.csv
DUK,DUKE ENERGY CORP NEW,Duke Energy Co / Duke Power Co | DUKE ENERGY CORP NEW,2003-12-31,2025-01-31,17,7,stock berfore 2010_new___.csv | stock between 2010_2014_new___.csv | stock between 2015_2019_new___.csv | stock between 2020_2026_new___.csv
ELV,ELEVANCE HEALTH INC,ELEVANCE HEALTH INC,2022-06-30,2025-03-31,17,4,stock between 2020_2026_new___.csv
LGND,LIGAND PHARMACEUTICALS INC,LIGAND PHARMACEUTICALS INC,2020-08-31,2022-10-31,17,1,stock between 2020_2026_new___.csv
SBNY,SIGNATURE BANK NEW YORK N Y,SIGNATURE BANK NEW YORK N Y,2014-05-31,2018-03-31,17,3,stock between 2010_2014_new___.csv | stock between 2015_2019_new___.csv
SNPS,SYNOPSYS INC,SYNOPSYS INC,2002-12-31,2025-08-31,17,3,stock berfore 2010_new___.csv | stock between 2020_2026_new___.csv
TT,TRANE TECHNOLOGIES PLC ORD,TRANE TECHNOLOGIES PLC ORD | TRANE TECHNOLOGIES PLC,2010-06-30,2021-07-31,17,6,stock between 2010_2014_new___.csv | stock between 2015_2019_new___.csv | stock between 2020_2026_new___.csv
XLNX,XILINX INC,XILINX INC,2002-11-30,2019-02-28,17,8,stock berfore 2010_new___.csv | stock between 2015_2019_new___.csv
AAXN,AXON ENTERPRISE INC,AXON ENTERPRISE INC,2017-04-30,2019-04-30,16,1,stock between 2015_2019_new___.csv
CAG,CONAGRA BRANDS INC,CONAGRA INC | CONAGRA BRANDS INC,2003-06-30,2020-12-31,16,6,stock berfore 2010_new___.csv | stock between 2015_2019_new___.csv | stock between 2020_2026_new___.csv
FLEX,FLEX LTD,FLEXTRONICS INTERNATIONAL LTD | FLEX LTD,2002-09-30,2025-07-31,16,4,stock berfore 2010_new___.csv | stock between 2020_2026_new___.csv
FLS,FLOWSERVE CORP,FLOWSERVE CORP,2008-06-30,2014-01-31,16,3,stock berfore 2010_new___.csv | stock between 2010_2014_new___.csv
HOG,HARLEY DAVIDSON INC,HARLEY DAVIDSON INC,2002-09-30,2015-03-31,16,7,stock berfore 2010_new___.csv | stock between 2010_2014_new___.csv | stock between 2015_2019_new___.csv
IQV,IQVIA HOLDINGS INC,IQVIA HOLDINGS INC,2019-06-30,2024-12-31,16,2,stock between 2015_2019_new___.csv | stock between 2020_2026_new___.csv
LLL,L 3 COMMUNICATIONS HLDGS INC,L 3 COMMUNICATIONS HLDGS INC,2003-03-31,2015-12-31,16,6,stock berfore 2010_new___.csv | stock between 2010_2014_new___.csv | stock between 2015_2019_new___.csv
MTX,MINERALS TECHNOLOGIES INC,MINERALS TECHNOLOGIES INC,2010-11-30,2014-03-31,16,1,stock between 2010_2014_new___.csv
ON,ON SEMICONDUCTOR CORP,ON SEMICONDUCTOR CORP,2020-08-31,2022-07-31,16,2,stock between 2020_2026_new___.csv
PPG,P P G INDUSTRIES INC,P P G INDUSTRIES INC,2009-06-30,2019-09-30,16,4,stock berfore 2010_new___.csv | stock between 2010_2014_new___.csv | stock between 2015_2019_new___.csv
PWR,QUANTA SERVICES INC,QUANTA SERVICES INC,2021-11-30,2025-08-31,16,1,stock between 2020_2026_new___.csv
Q,QWEST COMMUNICATIONS INTL INC,QWEST COMMUNICATIONS INTL INC,2008-08-31,2010-06-30,16,2,stock berfore 2010_new___.csv | stock between 2010_2014_new___.csv
TTWO,TAKE TWO INTERACTIVE SOFTWR INC,TAKE TWO INTERACTIVE SOFTWR IN | TAKE TWO INTERACTIVE SOFTWR INC,2008-01-31,2011-10-31,16,3,stock berfore 2010_new___.csv | stock between 2010_2014_new___.csv
TWLO,TWILIO INC,TWILIO INC,2020-05-31,2021-12-31,16,1,stock between 2020_2026_new___.csv
VAR,VARIAN MEDICAL SYSTEMS INC,VARIAN MEDICAL SYSTEMS INC,2010-02-28,2015-04-30,16,1,stock between 2010_2014_new___.csv | stock between 2015_2019_new___.csv
VST,VISTRA ENERGY CORP,VISTRA ENERGY CORP | VISTRA CORP,2019-08-31,2021-01-31,16,1,stock between 2015_2019_new___.csv | stock between 2020_2026_new___.csv
ABC,AMERISOURCEBERGEN CORP,AMERISOURCEBERGEN CORP,2002-10-31,2015-02-28,15,4,stock berfore 2010_new___.csv | stock between 2010_2014_new___.csv | stock between 2015_2019_new___.csv
BIDU,BAIDU INC,BAIDU INC,2009-06-30,2015-12-31,15,3,stock berfore 2010_new___.csv | stock between 2010_2014_new___.csv | stock between 2015_2019_new___.csv
DGX,QUEST DIAGNOSTICS INC,QUEST DIAGNOSTICS INC,2005-11-30,2009-12-31,15,3,stock berfore 2010_new___.csv
KMT,KENNAMETAL INC,KENNAMETAL INC,2007-09-30,2011-03-31,15,3,stock berfore 2010_new___.csv | stock between 2010_2014_new___.csv
LRCX,LAM RESH CORP,LAM RESH CORP,2011-03-31,2024-06-30,15,6,stock between 2010_2014_new___.csv | stock between 2020_2026_new___.csv
NEM,NEWMONT MINING CORP,NEWMONT MINING CORP,2002-12-31,2012-12-31,15,6,stock berfore 2010_new___.csv | stock between 2010_2014_new___.csv
PCL,PLUM CREEK TIMBER CO INC,PLUM CREEK TIMBER CO INC,2009-03-31,2014-02-28,15,2,stock berfore 2010_new___.csv | stock between 2010_2014_new___.csv
RHHBY,ROCHE HOLDING AG DR,Roche Holdings Limited | ROCHE HOLDING AG DR,2007-10-31,2022-09-30,15,6,stock berfore 2010_new___.csv | stock between 2010_2014_new___.csv | stock between 2015_2019_new___.csv | stock between 2020_2026_new___.csv
UBND,VICTORY PORTFOLIOS II,VICTORY PORTFOLIOS II,2021-12-31,2025-06-30,15,1,stock between 2020_2026_new___.csv
A,AGILENT TECHNOLOGIES INC,AGILENT TECHNOLOGIES INC,2008-03-31,2012-11-30,14,3,stock berfore 2010_new___.csv | stock between 2010_2014_new___.csv
AEM,AGNICO EAGLE MINES LTD,AGNICO EAGLE MINES LTD,2008-08-31,2025-09-30,14,3,stock berfore 2010_new___.csv | stock between 2020_2026_new___.csv
ALV,AUTOLIV INC,AUTOLIV INC,2009-09-30,2012-07-31,14,1,stock berfore 2010_new___.csv | stock between 2010_2014_new___.csv
AYE,ALLEGHENY ENERGY INC,ALLEGHENY ENERGY INC,2007-12-31,2009-10-31,14,2,stock berfore 2010_new___.csv
BCR,BARD C R INC,BARD C R INC,2004-12-31,2016-10-31,14,5,stock berfore 2010_new___.csv | stock between 2010_2014_new___.csv | stock between 2015_2019_new___.csv
BEN,FRANKLIN RESOURCES INC,FRANKLIN RESOURCES INC | Franklin Resource Inc,2003-06-30,2013-09-30,14,7,stock berfore 2010_new___.csv | stock between 2010_2014_new___.csv
BF,BROWN FORMAN CORP,BROWN FORMAN CORP,2012-06-30,2014-06-30,14,3,stock between 2010_2014_new___.csv
BT,B T GROUP PLC,B T GROUP PLC,2011-03-31,2013-10-31,14,2,stock between 2010_2014_new___.csv
CSX,C S X CORP,C S X CORP,2003-03-31,2014-09-30,14,5,stock berfore 2010_new___.csv | stock between 2010_2014_new___.csv
DAIGN,MERCEDES-BENZ GROUP AG ORD,MERCEDES-BENZ GROUP AG ORD | DAIMLER AG ORD,2011-03-31,2014-09-30,14,3,stock between 2010_2014_new___.csv
DCI,DONALDSON INC,DONALDSON INC,2010-03-31,2014-04-30,14,1,stock between 2010_2014_new___.csv
FUL,FULLER H B CO,FULLER H B CO,2010-06-30,2014-06-30,14,2,stock between 2010_2014_new___.csv
HRL,HORMEL FOODS CORP,HORMEL FOODS CORP,2006-08-31,2022-09-30,14,3,stock berfore 2010_new___.csv | stock between 2010_2014_new___.csv | stock between 2015_2019_new___.csv | stock between 2020_2026_new___.csv
KHC,KRAFT HEINZ CO,KRAFT HEINZ CO,2016-08-31,2018-03-31,14,1,stock between 2015_2019_new___.csv
MDVN,MEDIVATION INC,MEDIVATION INC,2014-09-30,2016-06-30,14,2,stock between 2010_2014_new___.csv | stock between 2015_2019_new___.csv
NOK,NOKIA CORP,NOKIA CORP,2003-04-30,2019-12-31,14,10,stock berfore 2010_new___.csv | stock between 2015_2019_new___.csv
OAS,OASIS PETROLEUM INC,OASIS PETROLEUM INC,2013-01-31,2021-12-31,14,2,stock between 2010_2014_new___.csv | stock between 2020_2026_new___.csv
PBR,PETROLEO BRASILEIRO SA PETROBR,PETROLEO BRASILEIRO SA PETROBR | PETROLEO BRASILEIRO SA PETROBRAS,2007-12-31,2019-12-31,14,3,stock berfore 2010_new___.csv | stock between 2015_2019_new___.csv
PLD,PROLOGIS INC,PROLOGIS INC,2018-03-31,2023-05-31,14,4,stock between 2015_2019_new___.csv | stock between 2020_2026_new___.csv
RIMM,RESEARCH IN MOTION LTD,RESEARCH IN MOTION LTD,2008-02-29,2010-03-31,14,4,stock berfore 2010_new___.csv | stock between 2010_2014_new___.csv
SO,SOUTHERN CO,SOUTHERN CO,2009-01-31,2024-10-31,14,2,stock berfore 2010_new___.csv | stock between 2010_2014_new___.csv | stock between 2015_2019_new___.csv | stock between 2020_2026_new___.csv
STJ,ST JUDE MEDICAL INC,ST JUDE MEDICAL INC,2005-10-31,2016-05-31,14,7,stock berfore 2010_new___.csv | stock between 2010_2014_new___.csv | stock between 2015_2019_new___.csv
VFC,V F CORP,V F CORP,2009-12-31,2020-11-30,14,5,stock berfore 2010_new___.csv | stock between 2010_2014_new___.csv | stock between 2015_2019_new___.csv | stock between 2020_2026_new___.csv
VMC,VULCAN MATERIALS CO,VULCAN MATERIALS CO,2016-06-30,2025-09-30,14,3,stock between 2015_2019_new___.csv | stock between 2020_2026_new___.csv
WBC,WABCO HOLDINGS INC,WABCO HOLDINGS INC,2018-11-30,2020-01-31,14,1,stock between 2015_2019_new___.csv | stock between 2020_2026_new___.csv
ATVI,ACTIVISION BLIZZARD INC,ACTIVISION BLIZZARD INC,2015-03-31,2020-06-30,13,3,stock between 2015_2019_new___.csv | stock between 2020_2026_new___.csv
BNI,BURLINGTON NORTHERN SANTA FE CP,BURLINGTON NORTHERN SANTA FE CP,2002-12-31,2009-12-31,13,7,stock berfore 2010_new___.csv
CY,CYPRESS SEMICONDUCTOR CORP,CYPRESS SEMICONDUCTOR CORP,2017-11-30,2019-05-31,13,2,stock between 2015_2019_new___.csv
ENGIE,GDF SUEZ SA ORD,GDF SUEZ SA ORD,2023-04-30,2024-04-30,13,1,stock between 2020_2026_new___.csv
FI,FISERV INC,FISERV INC,2023-06-30,2025-03-31,13,2,stock between 2020_2026_new___.csv
JEC,JACOBS ENGINEERING GROUP INC,JACOBS ENGINEERING GROUP INC,2005-06-30,2013-06-30,13,5,stock berfore 2010_new___.csv | stock between 2010_2014_new___.csv
PSON,PEARSON PLC ORD,PEARSON PLC ORD,2011-07-31,2012-12-31,13,2,stock between 2010_2014_new___.csv
SBGSY,SCHNEIDER ELECTRIC SE UNSPONSORE ADR,SCHNEIDER ELECTRIC SA DR | SCHNEIDER ELECTRIC SE UNSPONSORE ADR,2020-10-31,2023-04-30,13,1,stock between 2020_2026_new___.csv
STI,SUNTRUST BANKS INC,SUNTRUST BANKS INC | SunTrust Banks Inc,2002-09-30,2016-12-31,13,4,stock berfore 2010_new___.csv | stock between 2010_2014_new___.csv | stock between 2015_2019_new___.csv
TASR,TASER INTERNATIONAL INC,TASER INTERNATIONAL INC,2016-02-29,2017-03-31,13,1,stock between 2015_2019_new___.csv
TSCO,TRACTOR SUPPLY CO NEW,TRACTOR SUPPLY CO NEW,2012-12-31,2017-09-30,13,2,stock between 2010_2014_new___.csv | stock between 2015_2019_new___.csv
TXU,T X U CORP,T X U CORP,2005-10-31,2007-03-31,13,5,stock berfore 2010_new___.csv
WY,WEYERHAEUSER CO,WEYERHAEUSER CO,2007-12-31,2018-06-30,13,5,stock berfore 2010_new___.csv | stock between 2010_2014_new___.csv | stock between 2015_2019_new___.csv
BBY,BEST BUY COMPANY INC,BEST BUY COMPANY INC,2003-12-31,2021-03-31,12,9,stock berfore 2010_new___.csv | stock between 2010_2014_new___.csv | stock between 2020_2026_new___.csv
BTI,BRITISH AMERICAN TOBACCO PLC,BRITISH AMERICAN TOBACCO PLC,2011-03-31,2013-11-30,12,2,stock between 2010_2014_new___.csv
CSTR,COINSTAR INC,COINSTAR INC,2007-12-31,2013-06-30,12,1,stock berfore 2010_new___.csv | stock between 2010_2014_new___.csv
CVE,CENOVUS ENERGY INC,CENOVUS ENERGY INC,2010-03-31,2012-12-31,12,1,stock between 2010_2014_new___.csv
DISCA,DISCOVERY COMMUNICATIONS INC,DISCOVERY COMMUNICATIONS INC,2008-12-31,2015-09-30,12,2,stock berfore 2010_new___.csv | stock between 2010_2014_new___.csv | stock between 2015_2019_new___.csv
DRQ,DRIL QUIP INC,DRIL QUIP INC,2012-12-31,2014-01-31,12,1,stock between 2010_2014_new___.csv
ENB,ENBRIDGE INC,ENBRIDGE INC,2014-03-31,2022-12-31,12,3,stock between 2010_2014_new___.csv | stock between 2020_2026_new___.csv
EVER,EVERBANK FINANCIAL CORP,EVERBANK FINANCIAL CORP,2014-12-31,2016-07-31,12,1,stock between 2010_2014_new___.csv | stock between 2015_2019_new___.csv
EXP,EAGLE MATERIALS INC,EAGLE MATERIALS INC,2007-12-31,2013-05-31,12,2,stock berfore 2010_new___.csv | stock between 2010_2014_new___.csv
FITB,FIFTH THIRD BANCORP,FIFTH THIRD BANCORP,2002-10-31,2025-06-30,12,6,stock berfore 2010_new___.csv | stock between 2010_2014_new___.csv | stock between 2020_2026_new___.csv
GGG,GRACO INC,GRACO INC,2007-12-31,2022-09-30,12,1,stock berfore 2010_new___.csv | stock between 2010_2014_new___.csv | stock between 2015_2019_new___.csv | stock between 2020_2026_new___.csv
GLEN,GLENCORE PLC ORD,GLENCORE PLC ORD,2022-03-31,2024-12-31,12,1,stock between 2020_2026_new___.csv
GNTX,GENTEX CORP,GENTEX CORP,2002-12-31,2022-09-30,12,2,stock berfore 2010_new___.csv | stock between 2020_2026_new___.csv
MAS,MASCO CORP,MASCO CORP,2004-03-31,2024-09-30,12,5,stock berfore 2010_new___.csv | stock between 2015_2019_new___.csv | stock between 2020_2026_new___.csv
MJN,MEAD JOHNSON NUTRITION CO,MEAD JOHNSON NUTRITION CO,2011-09-30,2016-06-30,12,3,stock between 2010_2014_new___.csv | stock between 2015_2019_new___.csv
NRG,N R G ENERGY INC,N R G ENERGY INC,2007-11-30,2014-11-30,12,4,stock berfore 2010_new___.csv | stock between 2010_2014_new___.csv
ONE,BANK ONE CORP,BANK ONE CORP,2002-09-30,2003-12-31,12,6,stock berfore 2010_new___.csv
RAI,REYNOLDS AMERICAN INC,REYNOLDS AMERICAN INC,2006-08-31,2016-11-30,12,4,stock berfore 2010_new___.csv | stock between 2015_2019_new___.csv
RGA,REINSURANCE GROUP OF AMERICA INC,REINSURANCE GROUP OF AMERICA INC,2013-06-30,2025-09-30,12,3,stock between 2010_2014_new___.csv | stock between 2015_2019_new___.csv | stock between 2020_2026_new___.csv
ROK,ROCKWELL AUTOMATION INC,ROCKWELL AUTOMATION INC,2005-06-30,2025-07-31,12,8,stock berfore 2010_new___.csv | stock between 2010_2014_new___.csv | stock between 2020_2026_new___.csv
RWT,REDWOOD TRUST INC,REDWOOD TRUST INC,2007-12-31,2016-03-31,12,1,stock berfore 2010_new___.csv | stock between 2010_2014_new___.csv | stock between 2015_2019_new___.csv
SPOT,SPOTIFY TECHNOLOGY S A,SPOTIFY TECHNOLOGY S A,2019-07-31,2021-02-28,12,1,stock between 2015_2019_new___.csv | stock between 2020_2026_new___.csv
SYF,SYNCHRONY FINANCIAL,SYNCHRONY FINANCIAL,2015-03-31,2017-06-30,12,2,stock between 2015_2019_new___.csv
TPL,TEXAS PACIFIC LAND CORP,TEXAS PACIFIC LAND CORP,2022-12-31,2025-09-30,12,1,stock between 2020_2026_new___.csv
VALE,VALE S A,VALE S A,2009-09-30,2018-12-31,12,4,stock berfore 2010_new___.csv | stock between 2010_2014_new___.csv | stock between 2015_2019_new___.csv
ALTR,ALTERA CORP,ALTERA CORP,2002-11-30,2008-03-31,11,2,stock berfore 2010_new___.csv
AMX,AMERICA MOVIL S A B DE C V,AMERICA MOVIL S A DE C V | AMERICA MOVIL S A B DE C V,2007-09-30,2016-12-31,11,2,stock berfore 2010_new___.csv | stock between 2010_2014_new___.csv | stock between 2015_2019_new___.csv
CHK,CHESAPEAKE ENERGY CORP,CHESAPEAKE ENERGY CORP,2008-03-31,2011-08-31,11,4,stock berfore 2010_new___.csv | stock between 2010_2014_new___.csv
CSC,COMPUTER SCIENCES CORP,COMPUTER SCIENCES CORP,2003-06-30,2016-03-31,11,3,stock berfore 2010_new___.csv | stock between 2010_2014_new___.csv | stock between 2015_2019_new___.csv
DOX,AMDOCS LTD,AMDOCS LTD,2006-02-28,2016-06-30,11,2,stock berfore 2010_new___.csv | stock between 2010_2014_new___.csv | stock between 2015_2019_new___.csv
DST,D S T SYSTEMS INC DEL,D S T SYSTEMS INC DEL,2003-06-30,2016-01-31,11,4,stock berfore 2010_new___.csv | stock between 2015_2019_new___.csv
EQR,EQUITY RESIDENTIAL,EQUITY RESIDENTIAL,2016-12-31,2021-12-31,11,2,stock between 2015_2019_new___.csv | stock between 2020_2026_new___.csv
ERTS,ELECTRONIC ARTS INC,ELECTRONIC ARTS INC,2004-06-30,2008-04-30,11,3,stock berfore 2010_new___.csv
HSY,HERSHEY CO,HERSHEY CO,2010-06-30,2023-06-30,11,3,stock between 2010_2014_new___.csv | stock between 2015_2019_new___.csv | stock between 2020_2026_new___.csv
IFF,INTERNATIONAL FLAVORS & FRAG INC,INTERNATIONAL FLAVORS & FRAG INC,2019-10-31,2020-09-30,11,1,stock between 2015_2019_new___.csv | stock between 2020_2026_new___.csv
IVZ,INVESCO LTD,INVESCO LTD,2013-11-30,2014-04-30,11,2,stock between 2010_2014_new___.csv
KMP,KINDER MORGAN ENERGY PARTNERS LP,KINDER MORGAN ENERGY PARTNERS LP,2008-12-31,2011-05-31,11,2,stock berfore 2010_new___.csv | stock between 2010_2014_new___.csv
LUV,SOUTHWEST AIRLINES CO,SOUTHWEST AIRLINES CO,2003-03-31,2015-10-31,11,7,stock berfore 2010_new___.csv | stock between 2010_2014_new___.csv | stock between 2015_2019_new___.csv
MOS,MOSAIC COMPANY,MOSAIC COMPANY | MOSAIC CO | MOSAIC CO NEW,2007-11-30,2015-06-30,11,8,stock berfore 2010_new___.csv | stock between 2010_2014_new___.csv | stock between 2015_2019_new___.csv
NIHD,N I I HOLDINGS INC,N I I HOLDINGS INC,2007-12-31,2010-10-31,11,3,stock berfore 2010_new___.csv | stock between 2010_2014_new___.csv
PF,PINNACLE FOODS INC,PINNACLE FOODS INC,2014-01-31,2015-05-31,11,1,stock between 2010_2014_new___.csv | stock between 2015_2019_new___.csv
POT,POTASH CORP SASKATCHEWAN INC,POTASH CORP SASKATCHEWAN INC,2007-05-31,2008-03-31,11,4,stock berfore 2010_new___.csv
RDSA,ROYAL DUTCH SHELL PLC ORD,ROYAL DUTCH SHELL PLC ORD,2012-11-30,2017-07-31,11,3,stock between 2010_2014_new___.csv | stock between 2015_2019_new___.csv
SEE,SEALED AIR CORP NEW,SEALED AIR CORP NEW,2010-03-31,2017-02-28,11,3,stock between 2010_2014_new___.csv | stock between 2015_2019_new___.csv
SF,STIFEL FINANCIAL CORP,STIFEL FINANCIAL CORP,2014-04-30,2015-07-31,11,1,stock between 2010_2014_new___.csv | stock between 2015_2019_new___.csv
SWY,SAFEWAY INC,SAFEWAY INC,2003-04-30,2013-11-30,11,4,stock berfore 2010_new___.csv | stock between 2010_2014_new___.csv
TDC,TERADATA CORP DE,TERADATA CORP DE,2010-08-31,2012-06-30,11,2,stock between 2010_2014_new___.csv
TFX,TELEFLEX INC,TELEFLEX INC,2019-08-31,2022-11-30,11,1,stock between 2015_2019_new___.csv | stock between 2020_2026_new___.csv
TOL,TOLL BROTHERS INC,TOLL BROTHERS INC,2013-09-30,2020-09-30,11,1,stock between 2010_2014_new___.csv | stock between 2015_2019_new___.csv | stock between 2020_2026_new___.csv
TWOU,2 U INC,2 U INC,2017-03-31,2018-01-31,11,1,stock between 2015_2019_new___.csv
URI,UNITED RENTALS INC,UNITED RENTALS INC,2012-06-30,2022-11-30,11,5,stock between 2010_2014_new___.csv | stock between 2015_2019_new___.csv | stock between 2020_2026_new___.csv
WAB,WABTEC CORP,WABTEC CORP,2013-09-30,2016-09-30,11,2,stock between 2010_2014_new___.csv | stock between 2015_2019_new___.csv
WDAY,WORKDAY INC,WORKDAY INC,2019-05-31,2020-04-30,11,1,stock between 2015_2019_new___.csv | stock between 2020_2026_new___.csv
WEX,W E X INC,W E X INC,2017-12-31,2022-09-30,11,1,stock between 2015_2019_new___.csv | stock between 2020_2026_new___.csv
ADS,ALLIANCE DATA SYSTEMS CORP,ALLIANCE DATA SYSTEMS CORP,2013-06-30,2014-10-31,10,5,stock between 2010_2014_new___.csv
AVP,AVON PRODUCTS INC,AVON PRODUCTS INC,2008-03-31,2010-09-30,10,5,stock berfore 2010_new___.csv | stock between 2010_2014_new___.csv
CNQ,CANADIAN NATURAL RESOURCES LTD,CANADIAN NATURAL RESOURCES LTD,2023-11-30,2024-08-31,10,1,stock between 2020_2026_new___.csv
CP,CANADIAN PACIFIC RAILWAY LTD,CANADIAN PACIFIC RAILWAY LTD | CANADIAN PACIFIC KANSAS CITY LTD,2013-01-31,2025-06-30,10,3,stock between 2010_2014_new___.csv | stock between 2020_2026_new___.csv
DLR,DIGITAL REALTY TRUST INC,DIGITAL REALTY TRUST INC,2013-06-30,2021-12-31,10,3,stock between 2010_2014_new___.csv | stock between 2020_2026_new___.csv
EA,ELECTRONIC ARTS INC,ELECTRONIC ARTS INC,2020-03-31,2021-03-31,10,2,stock between 2020_2026_new___.csv
EQIX,EQUINIX INC,EQUINIX INC,2016-06-30,2017-08-31,10,1,stock between 2015_2019_new___.csv
EXC,EXELON CORP,EXELON CORP,2002-10-31,2008-11-30,10,4,stock berfore 2010_new___.csv
FLR,FLUOR CORP NEW,FLUOR CORP NEW,2007-12-31,2016-07-31,10,7,stock berfore 2010_new___.csv | stock between 2010_2014_new___.csv | stock between 2015_2019_new___.csv
FULL,FULLER H B CO,FULLER H B CO,2007-09-30,2010-03-31,10,1,stock berfore 2010_new___.csv | stock between 2010_2014_new___.csv
GIL,GILDAN ACTIVEWEAR INC,GILDAN ACTIVEWEAR INC,2009-06-30,2014-01-31,10,2,stock berfore 2010_new___.csv | stock between 2010_2014_new___.csv
HOC,HOLLY CORP,HOLLY CORP,2013-01-31,2018-09-30,10,2,stock between 2010_2014_new___.csv | stock between 2015_2019_new___.csv
IMB,IMPERIAL BRANDS PLC ORD,IMPERIAL BRANDS PLC ORD,2017-09-30,2025-10-31,10,2,stock between 2015_2019_new___.csv | stock between 2020_2026_new___.csv
INGR,INGREDION INC,INGREDION INC,2012-06-30,2013-12-31,10,2,stock between 2010_2014_new___.csv
KAR,KAR AUCTION SERVICES INC,KAR AUCTION SERVICES INC,2018-06-30,2019-04-30,10,1,stock between 2015_2019_new___.csv
LAD,LITHIA MOTORS INC,LITHIA MOTORS INC | LADBROKES PLC ORD | LADBROKES CORAL GROUP PLC ORD,2011-06-30,2019-09-30,10,3,stock between 2010_2014_new___.csv | stock between 2015_2019_new___.csv
LEA,LEAR CORP,LEAR CORP,2012-12-31,2015-09-30,10,2,stock between 2010_2014_new___.csv | stock between 2015_2019_new___.csv
LLTC,LINEAR TECHNOLOGY CORP,LINEAR TECHNOLOGY CORP,2003-08-31,2014-07-31,10,3,stock berfore 2010_new___.csv | stock between 2010_2014_new___.csv
NOG,NORTHERN OIL & GAS INC,NORTHERN OIL & GAS INC,2011-05-31,2012-05-31,10,1,stock between 2010_2014_new___.csv
PANW,PALO ALTO NETWORKS INC,PALO ALTO NETWORKS INC,2015-03-31,2018-06-30,10,1,stock between 2015_2019_new___.csv
PFG,PRINCIPAL FINANCIAL GROUP INC,PRINCIPAL FINANCIAL GROUP INC,2004-03-31,2019-09-30,10,3,stock berfore 2010_new___.csv | stock between 2010_2014_new___.csv | stock between 2015_2019_new___.csv
PKI,PERKINELMER INC,PERKINELMER INC,2014-09-30,2021-12-31,10,1,stock between 2010_2014_new___.csv | stock between 2015_2019_new___.csv | stock between 2020_2026_new___.csv
PLMR,PALOMAR HOLDINGS INC,PALOMAR HOLDINGS INC,2021-07-31,2022-11-30,10,1,stock between 2020_2026_new___.csv
PRE,PARTNERRE LTD,PARTNERRE LTD,2007-12-31,2013-06-30,10,2,stock berfore 2010_new___.csv | stock between 2010_2014_new___.csv
RSG,REPUBLIC SERVICES INC,REPUBLIC SERVICES INC,2010-01-31,2025-06-30,10,3,stock between 2010_2014_new___.csv | stock between 2015_2019_new___.csv | stock between 2020_2026_new___.csv
SNA,SNAP ON INC,SNAP ON INC,2009-12-31,2011-05-31,10,2,stock berfore 2010_new___.csv | stock between 2010_2014_new___.csv
TAL,TAL INTERNATIONAL GROUP INC,TAL INTERNATIONAL GROUP INC,2010-06-30,2012-09-30,10,1,stock between 2010_2014_new___.csv
ULTA,ULTA BEAUTY INC,ULTA BEAUTY INC,2017-09-30,2019-03-31,10,2,stock between 2015_2019_new___.csv
VLTO,VERALTO CORP,VERALTO CORP,2024-03-31,2025-04-30,10,1,stock between 2020_2026_new___.csv
WMI,WASTE MANAGEMENT INC DEL,WASTE MANAGEMENT INC DEL,2003-12-31,2007-06-30,10,3,stock berfore 2010_new___.csv
YUM,YUM BRANDS INC,YUM BRANDS INC | Tricon Global Restaurants Inc,2003-04-30,2012-12-31,10,6,stock berfore 2010_new___.csv | stock between 2010_2014_new___.csv
AAL,AMERICAN AIRLINES GROUP INC,AMERICAN AIRLINES GROUP INC | ANGLO AMERICAN PLC ORD,2014-03-31,2021-12-31,9,5,stock between 2010_2014_new___.csv | stock between 2015_2019_new___.csv | stock between 2020_2026_new___.csv
ABNB,AIRBNB INC,AIRBNB INC,2023-07-31,2024-11-30,9,1,stock between 2020_2026_new___.csv
ALLY,ALLY FINANCIAL INC,ALLY FINANCIAL INC,2020-12-31,2023-12-31,9,1,stock between 2020_2026_new___.csv
ANTX,ANTHEM INC,ANTHEM INC,2015-05-31,2016-04-30,9,1,stock between 2015_2019_new___.csv
BAES,BAE SYSTEMS PLC ORD,BAE SYSTEMS PLC ORD,2013-07-31,2013-12-31,9,3,stock between 2010_2014_new___.csv
BBBY,BED BATH & BEYOND INC,BED BATH & BEYOND INC,2002-10-31,2013-06-30,9,7,stock berfore 2010_new___.csv | stock between 2010_2014_new___.csv
BRCM,BROADCOM CORP,BROADCOM CORP,2015-06-30,2015-12-31,9,3,stock between 2015_2019_new___.csv
BTU,PEABODY ENERGY CORP,PEABODY ENERGY CORP,2004-10-31,2010-12-31,9,5,stock berfore 2010_new___.csv | stock between 2010_2014_new___.csv
CERN,CERNER CORP,CERNER CORP,2009-03-31,2017-09-30,9,4,stock berfore 2010_new___.csv | stock between 2010_2014_new___.csv | stock between 2015_2019_new___.csv
COG,CABOT OIL & GAS CORP,CABOT OIL & GAS CORP,2007-12-31,2019-12-31,9,2,stock berfore 2010_new___.csv | stock between 2010_2014_new___.csv | stock between 2015_2019_new___.csv
CUM,CUMMINS INC,CUMMINS INC,2007-12-31,2010-03-31,9,4,stock berfore 2010_new___.csv | stock between 2010_2014_new___.csv
CZR,CAESARS ENTERTAINMENT INC DE,CAESARS ENTERTAINMENT INC DE,2020-08-31,2021-04-30,9,1,stock between 2020_2026_new___.csv
DNR,DENBURY RESOURCES INC,DENBURY RESOURCES INC,2007-09-30,2012-12-31,9,2,stock berfore 2010_new___.csv | stock between 2010_2014_new___.csv
EQ,EMBARQ CORP,EMBARQ CORP,2007-12-31,2009-02-28,9,1,stock berfore 2010_new___.csv
EWBC,EAST WEST BANCORP INC,EAST WEST BANCORP INC,2013-09-30,2016-06-30,9,1,stock between 2010_2014_new___.csv | stock between 2015_2019_new___.csv
FDS,FACTSET RESEARCH SYSTEMS INC,FACTSET RESEARCH SYSTEMS INC,2011-09-30,2019-06-30,9,2,stock between 2010_2014_new___.csv | stock between 2015_2019_new___.csv
GWR,GENESEE & WYOMING INC,GENESEE & WYOMING INC,2013-12-31,2019-06-30,9,2,stock between 2010_2014_new___.csv | stock between 2015_2019_new___.csv
HLF,HERBALIFE LTD,HERBALIFE LTD,2010-09-30,2014-03-31,9,2,stock between 2010_2014_new___.csv
HRB,BLOCK H & R INC,BLOCK H & R INC,2011-06-30,2015-10-31,9,2,stock between 2010_2014_new___.csv | stock between 2015_2019_new___.csv
JBT,JOHN BEAN TECHNOLOGIES CORP,JOHN BEAN TECHNOLOGIES CORP,2016-02-29,2016-10-31,9,1,stock between 2015_2019_new___.csv
JNPR,JUNIPER NETWORKS INC,JUNIPER NETWORKS INC,2009-03-31,2012-07-31,9,5,stock berfore 2010_new___.csv | stock between 2010_2014_new___.csv
KEX,KIRBY CORP,KIRBY CORP,2013-03-31,2015-09-30,9,1,stock between 2010_2014_new___.csv | stock between 2015_2019_new___.csv
KEY,KEYCORP NEW,KEYCORP NEW,2002-10-31,2025-10-31,9,4,stock berfore 2010_new___.csv | stock between 2010_2014_new___.csv | stock between 2015_2019_new___.csv | stock between 2020_2026_new___.csv
LEH,LEHMAN BROTHERS HOLDINGS INC,LEHMAN BROTHERS HOLDINGS INC,2002-11-30,2007-10-31,9,6,stock berfore 2010_new___.csv
MNST,MONSTER BEVERAGE CORP NEW,MONSTER BEVERAGE CORP NEW,2016-09-30,2018-08-31,9,2,stock between 2015_2019_new___.csv
NUS,NU SKIN ENTERPRISES INC,NU SKIN ENTERPRISES INC,2009-03-31,2013-12-31,9,2,stock berfore 2010_new___.csv | stock between 2010_2014_new___.csv
NWG,NATWEST GROUP PLC ORD,NATWEST GROUP PLC ORD,2025-02-28,2025-10-31,9,1,stock between 2020_2026_new___.csv
NWL,NEWELL BRANDS INC,NEWELL BRANDS INC,2016-05-31,2017-06-30,9,3,stock between 2015_2019_new___.csv
NWS,TWENTY-FIRST CENTURY FOX INC ORD,NEWS CORP | TWENTY-FIRST CENTURY FOX INC ORD,2008-07-31,2018-03-31,9,5,stock berfore 2010_new___.csv | stock between 2015_2019_new___.csv
PSTG,PURE STORAGE INC,PURE STORAGE INC,2024-05-31,2025-10-31,9,1,stock between 2020_2026_new___.csv
SAVE,SPIRIT AIRLINES INC,SPIRIT AIRLINES INC,2016-03-31,2018-12-31,9,1,stock between 2015_2019_new___.csv
SN,SANCHEZ ENERGY CORP,SANCHEZ ENERGY CORP,2013-11-30,2014-09-30,9,1,stock between 2010_2014_new___.csv
SOLN,SOUTHERN CO,SOUTHERN CO,2020-05-31,2022-07-31,9,1,stock between 2020_2026_new___.csv
SRZ,SUNRISE ASSISTED LIVING INC,SUNRISE ASSISTED LIVING INC,2003-12-31,2007-06-30,9,2,stock berfore 2010_new___.csv
WFT,WEATHERFORD INTL LTD,WEATHERFORD INTL LTD | WEATHERFORD INTL ORD | WEATHERFORD INTERNATIONAL PLC,2006-05-31,2015-08-31,9,7,stock berfore 2010_new___.csv | stock between 2010_2014_new___.csv | stock between 2015_2019_new___.csv
AIR,AIRBUS SE ORD,A A R CORP | AIRBUS SE ORD,2007-12-31,2019-08-31,8,2,stock berfore 2010_new___.csv | stock between 2015_2019_new___.csv
ARW,ARROW ELECTRONICS INC,ARROW ELECTRONICS INC,2009-06-30,2015-01-31,8,2,stock berfore 2010_new___.csv | stock between 2010_2014_new___.csv | stock between 2015_2019_new___.csv
ASH,ASHLAND INC ORD,ASHLAND INC NEW | ASHLAND INC ORD,2010-01-31,2015-12-31,8,2,stock between 2010_2014_new___.csv | stock between 2015_2019_new___.csv
BASFN,BASF SE ORD,BASF SE ORD,2013-01-31,2022-04-30,8,3,stock between 2010_2014_new___.csv | stock between 2015_2019_new___.csv | stock between 2020_2026_new___.csv
BBD,BANCO BRADESCO S A,BANCO BRADESCO S A,2008-06-30,2019-09-30,8,1,stock berfore 2010_new___.csv | stock between 2015_2019_new___.csv
CPGX,COLUMBIA PIPELINE GROUP INC,COLUMBIA PIPELINE GROUP INC,2015-10-31,2016-06-30,8,1,stock between 2015_2019_new___.csv
CTL,CENTURYLINK INC,CENTURYLINK INC,2008-12-31,2014-09-30,8,3,stock berfore 2010_new___.csv | stock between 2010_2014_new___.csv
FDO,FAMILY DOLLAR STORES INC,FAMILY DOLLAR STORES INC,2002-12-31,2010-04-30,8,3,stock berfore 2010_new___.csv | stock between 2010_2014_new___.csv
FPL,F P L GROUP INC,F P L GROUP INC,2008-10-31,2009-09-30,8,1,stock berfore 2010_new___.csv
G,GILLETTE CO,GILLETTE CO,2002-12-31,2005-09-30,8,3,stock berfore 2010_new___.csv
HCSG,HEALTHCARE SERVICES GROUP INC,HEALTHCARE SERVICES GROUP INC,2013-12-31,2018-06-30,8,2,stock between 2010_2014_new___.csv | stock between 2015_2019_new___.csv
JWN,NORDSTROM INC,NORDSTROM INC,2002-12-31,2013-01-31,8,4,stock berfore 2010_new___.csv | stock between 2010_2014_new___.csv
LINTA,LIBERTY INTERACTIVE CORP,LIBERTY MEDIA CORP NEW | LIBERTY INTERACTIVE CORP,2007-12-31,2013-12-31,8,2,stock berfore 2010_new___.csv | stock between 2010_2014_new___.csv
MELI,MERCADOLIBRE INC,MERCADOLIBRE INC,2020-12-31,2025-02-28,8,2,stock between 2020_2026_new___.csv
MXIM,MAXIM INTEGRATED PRODUCTS INC,MAXIM INTEGRATED PRODUCTS INC,2002-11-30,2004-11-30,8,3,stock berfore 2010_new___.csv
NBL,NOBLE ENERGY INC,NOBLE ENERGY INC,2006-09-30,2018-06-30,8,5,stock berfore 2010_new___.csv | stock between 2010_2014_new___.csv | stock between 2015_2019_new___.csv
NCLH,NORWEGIAN CRUISE LINE HLDGS LTD,NORWEGIAN CRUISE LINE HLDGS LTD,2015-06-30,2021-05-31,8,3,stock between 2015_2019_new___.csv | stock between 2020_2026_new___.csv
NI,NISOURCE INC,NISOURCE INC,2007-12-31,2010-08-31,8,2,stock berfore 2010_new___.csv | stock between 2010_2014_new___.csv
PBI,PITNEY BOWES INC,PITNEY BOWES INC,2005-12-31,2016-03-31,8,2,stock berfore 2010_new___.csv | stock between 2010_2014_new___.csv | stock between 2015_2019_new___.csv
PGN,PROGRESS ENERGY INC,PROGRESS ENERGY INC,2009-10-31,2011-12-31,8,3,stock berfore 2010_new___.csv | stock between 2010_2014_new___.csv
SAP,S A P AG,S A P AG | S A P SE,2004-09-30,2025-04-30,8,4,stock berfore 2010_new___.csv | stock between 2010_2014_new___.csv | stock between 2020_2026_new___.csv
SIG,SIGNET JEWELERS LTD,SIGNET JEWELERS LTD,2014-12-31,2022-06-30,8,1,stock between 2010_2014_new___.csv | stock between 2015_2019_new___.csv | stock between 2020_2026_new___.csv
TAP,TRAVELERS PPTY CASUALTY CORP NEW,TRAVELERS PPTY CASUALTY CORP NEW | MOLSON COORS BEVERAGE CO,2003-03-31,2023-10-31,8,6,stock berfore 2010_new___.csv | stock between 2020_2026_new___.csv
ABMD,ABIOMED INC,ABIOMED INC,2018-03-31,2021-10-31,7,2,stock between 2015_2019_new___.csv | stock between 2020_2026_new___.csv
ADYEN,ADYEN NV ORD,ADYEN NV ORD,2023-05-31,2024-03-31,7,1,stock between 2020_2026_new___.csv
AEE,AMEREN CORP,AMEREN CORP,2008-02-29,2008-11-30,7,1,stock berfore 2010_new___.csv
AVY,AVERY DENNISON CORP,AVERY DENNISON CORP,2002-12-31,2014-09-30,7,3,stock berfore 2010_new___.csv | stock between 2010_2014_new___.csv
BMC,B M C SOFTWARE INC,B M C SOFTWARE INC,2002-12-31,2004-06-30,7,1,stock berfore 2010_new___.csv
CAB,CABELAS INC,CABELAS INC,2012-12-31,2014-04-30,7,1,stock between 2010_2014_new___.csv
CFR,CULLEN FROST BANKERS INC,CULLEN FROST BANKERS INC,2010-06-30,2022-09-30,7,2,stock between 2010_2014_new___.csv | stock between 2020_2026_new___.csv
CHD,CHURCH & DWIGHT INC,CHURCH & DWIGHT INC,2013-02-28,2020-09-30,7,2,stock between 2010_2014_new___.csv | stock between 2020_2026_new___.csv
CLX,CLOROX CO,CLOROX CO,2002-11-30,2020-06-30,7,4,stock berfore 2010_new___.csv | stock between 2010_2014_new___.csv | stock between 2015_2019_new___.csv | stock between 2020_2026_new___.csv
CMVT,COMVERSE TECHNOLOGY INC,COMVERSE TECHNOLOGY INC,2006-12-31,2008-06-30,7,1,stock berfore 2010_new___.csv
EIX,EDISON INTERNATIONAL,EDISON INTERNATIONAL,2005-12-31,2021-12-31,7,3,stock berfore 2010_new___.csv | stock between 2015_2019_new___.csv | stock between 2020_2026_new___.csv
FAST,FASTENAL CO,FASTENAL COMPANY | FASTENAL CO,2003-07-31,2020-08-31,7,2,stock berfore 2010_new___.csv | stock between 2015_2019_new___.csv | stock between 2020_2026_new___.csv
GPS,GAP INC,GAP INC,2003-04-30,2013-09-30,7,4,stock berfore 2010_new___.csv | stock between 2010_2014_new___.csv
GRMN,GARMIN LTD,GARMIN LTD,2020-12-31,2022-06-30,7,1,stock between 2020_2026_new___.csv
HIT,HITACHI LTD,HITACHI LTD,2011-03-31,2012-02-29,7,1,stock between 2010_2014_new___.csv
HMC,HONDA MOTOR LTD,HONDA MOTOR LTD | HONDA MOTOR CO LTD,2006-05-31,2014-09-30,7,2,stock berfore 2010_new___.csv | stock between 2010_2014_new___.csv
IP,INTERNATIONAL PAPER CO,INTERNATIONAL PAPER CO,2004-06-30,2014-05-31,7,3,stock berfore 2010_new___.csv | stock between 2010_2014_new___.csv
ITUB,ITAU UNIBANCO HOLDING S A,ITAU UNIBANCO HOLDING S A,2017-06-30,2019-06-30,7,1,stock between 2015_2019_new___.csv
JLL,JONES LANG LASALLE INC,JONES LANG LASALLE INC,2015-01-31,2021-09-30,7,2,stock between 2015_2019_new___.csv | stock between 2020_2026_new___.csv
KSU,KANSAS CITY SOUTHERN,KANSAS CITY SOUTHERN INDS INC | KANSAS CITY SOUTHERN,2006-06-30,2014-09-30,7,4,stock berfore 2010_new___.csv | stock between 2010_2014_new___.csv
LBTYK,LIBERTY GLOBAL INC,LIBERTY GLOBAL INC,2008-06-30,2016-03-31,7,1,stock berfore 2010_new___.csv | stock between 2010_2014_new___.csv | stock between 2015_2019_new___.csv
MHS,MEDCO HEALTH SOLUTIONS INC,MEDCO HEALTH SOLUTIONS INC,2005-10-31,2012-02-29,7,5,stock berfore 2010_new___.csv | stock between 2010_2014_new___.csv
OCR,OMNICARE INC,OMNICARE INC,2007-06-30,2011-03-31,7,2,stock berfore 2010_new___.csv | stock between 2010_2014_new___.csv
PEG,PUBLIC SERVICE ENTERPRISE GP INC,PUBLIC SERVICE ENTERPRISE GP INC,2009-12-31,2011-12-31,7,3,stock berfore 2010_new___.csv | stock between 2010_2014_new___.csv
QVCA,LIBERTY INTERACTIVE CORP,LIBERTY INTERACTIVE CORP,2014-12-31,2016-06-30,7,1,stock between 2010_2014_new___.csv | stock between 2015_2019_new___.csv
R,RYDER SYSTEMS INC,RYDER SYSTEMS INC,2006-06-30,2014-06-30,7,3,stock berfore 2010_new___.csv | stock between 2010_2014_new___.csv
SAI,S A I C INC,S A I C INC,2009-01-31,2009-10-31,7,1,stock berfore 2010_new___.csv
SPLS,STAPLES INC,STAPLES INC,2003-11-30,2011-07-31,7,3,stock berfore 2010_new___.csv | stock between 2010_2014_new___.csv
SRE,SEMPRA ENERGY,SEMPRA ENERGY,2015-06-30,2025-09-30,7,3,stock between 2015_2019_new___.csv | stock between 2020_2026_new___.csv
TLLP,TESORO LOGISTICS L P,TESORO LOGISTICS L P,2016-09-30,2017-06-30,7,1,stock between 2015_2019_new___.csv
TRMB,TRIMBLE NAVIGATION LTD,TRIMBLE NAVIGATION LTD,2011-12-31,2014-06-30,7,1,stock between 2010_2014_new___.csv
TRN,TRINITY INDUSTRIES INC,TRINITY INDUSTRIES INC,2013-08-31,2015-05-31,7,2,stock between 2010_2014_new___.csv | stock between 2015_2019_new___.csv
UAL,UNITED CONTINENTAL HOLDINGS INC,UNITED CONTINENTAL HOLDINGS INC,2011-03-31,2016-12-31,7,2,stock between 2010_2014_new___.csv | stock between 2015_2019_new___.csv
VMW,VMWARE INC,VMWARE INC,2010-03-31,2022-09-30,7,3,stock between 2010_2014_new___.csv | stock between 2020_2026_new___.csv
ZMH,ZIMMER HOLDINGS INC,ZIMMER HOLDINGS INC,2013-06-30,2014-12-31,7,1,stock between 2010_2014_new___.csv
AB,ALLIANCEBERNSTEIN HOLDING L P,ALLIANCEBERNSTEIN HOLDING L P,2007-10-31,2015-09-30,6,2,stock berfore 2010_new___.csv | stock between 2015_2019_new___.csv
ALXN,ALEXION PHARMACEUTICALS INC,ALEXION PHARMACEUTICALS INC,2016-09-30,2017-12-31,6,1,stock between 2015_2019_new___.csv
ARMH,A R M HOLDINGS PLC,A R M HOLDINGS PLC,2011-03-31,2012-12-31,6,2,stock between 2010_2014_new___.csv
BLL,BALL CORP,BALL CORP,2005-09-30,2019-06-30,6,3,stock berfore 2010_new___.csv | stock between 2015_2019_new___.csv
BLS,BELLSOUTH CORP,BELLSOUTH CORP,2004-09-30,2006-11-30,6,3,stock berfore 2010_new___.csv
BSP,AMERICAN STRATEGIC INCOME PT I,AMERICAN STRATEGIC INCOME PT I,2008-09-30,2009-12-31,6,1,stock berfore 2010_new___.csv
BSX,BOSTON SCIENTIFIC CORP,BOSTON SCIENTIFIC CORP,2002-11-30,2025-01-31,6,5,stock berfore 2010_new___.csv | stock between 2015_2019_new___.csv | stock between 2020_2026_new___.csv
CGNX,COGNEX CORP,COGNEX CORP,2020-06-30,2022-09-30,6,1,stock between 2020_2026_new___.csv
CTCT,CONSTANT CONTACT INC,CONSTANT CONTACT INC,2011-11-30,2012-09-30,6,1,stock between 2010_2014_new___.csv
CTRX,CATAMARAN CORP,CATAMARAN CORP,2012-09-30,2014-09-30,6,2,stock between 2010_2014_new___.csv
CVD,COVANCE INC,COVANCE INC,2002-09-30,2009-05-31,6,3,stock berfore 2010_new___.csv
DANO,DANONE SA ORD,DANONE SA ORD,2013-01-31,2019-09-30,6,2,stock between 2010_2014_new___.csv | stock between 2015_2019_new___.csv
DISH,DISH NETWORK CORP,DISH NETWORK CORP,2012-03-31,2014-01-31,6,2,stock between 2010_2014_new___.csv
EHTH,EHEALTH INC,EHEALTH INC,2019-11-30,2020-09-30,6,1,stock between 2015_2019_new___.csv | stock between 2020_2026_new___.csv
EP,EL PASO CORP,EL PASO CORP,2011-02-28,2011-11-30,6,2,stock between 2010_2014_new___.csv
FE,FIRSTENERGY CORP,FIRSTENERGY CORP,2003-06-30,2015-01-31,6,3,stock berfore 2010_new___.csv | stock between 2010_2014_new___.csv | stock between 2015_2019_new___.csv
FL,FOOT LOCKER INC,FOOT LOCKER INC,2013-12-31,2016-12-31,6,2,stock between 2010_2014_new___.csv | stock between 2015_2019_new___.csv
GEN,GEN DIGITAL INC ORD,GEN DIGITAL INC ORD,2013-01-31,2017-03-31,6,2,stock between 2010_2014_new___.csv | stock between 2015_2019_new___.csv
GIBA,CGI INC ORD,CGI INC ORD,2011-04-30,2012-02-29,6,1,stock between 2010_2014_new___.csv
H,HYATT HOTELS CORP,HYATT HOTELS CORP,2010-12-31,2013-03-31,6,3,stock between 2010_2014_new___.csv
HIG,HARTFORD FINANCIAL SVCS GRP IN,HARTFORD FINANCIAL SVCS GRP IN,2003-05-31,2004-09-30,6,3,stock berfore 2010_new___.csv
HPE,HEWLETT PACKARD ENTERPRISE CO,HEWLETT PACKARD ENTERPRISE CO,2016-03-31,2023-01-31,6,2,stock between 2015_2019_new___.csv | stock between 2020_2026_new___.csv
IACI,IAC INTERACTIVECORP,IAC INTERACTIVECORP,2005-07-31,2014-09-30,6,3,stock berfore 2010_new___.csv | stock between 2010_2014_new___.csv
IGT,INTERNATIONAL GAME TECHNOLOGY,INTERNATIONAL GAME TECHNOLOGY,2007-01-31,2009-07-31,6,2,stock berfore 2010_new___.csv
INFY,INFOSYS TECHNOLOGIES LTD,INFOSYS TECHNOLOGIES LTD,2009-07-31,2010-12-31,6,2,stock berfore 2010_new___.csv | stock between 2010_2014_new___.csv
ITT,I T T CORP,I T T CORP | ITT INC ORD,2006-08-31,2011-09-30,6,4,stock berfore 2010_new___.csv | stock between 2010_2014_new___.csv
JOSB,JOS A BANK CLOTHIERS INC,JOS A BANK CLOTHIERS INC,2011-06-30,2011-12-31,6,1,stock between 2010_2014_new___.csv
LGF,LIONS GATE ENTERTAINMENT CORP,LIONS GATE ENTERTAINMENT CORP,2015-03-31,2015-12-31,6,2,stock between 2015_2019_new___.csv
LW,LAMB WESTON HOLDINGS INC,LAMB WESTON HOLDINGS INC,2023-01-31,2023-06-30,6,1,stock between 2020_2026_new___.csv
MAN,MANPOWER INC WIS,MANPOWER INC WIS,2006-08-31,2007-06-30,6,2,stock berfore 2010_new___.csv
MUR,MURPHY OIL CORP,MURPHY OIL CORP,2005-12-31,2008-06-30,6,3,stock berfore 2010_new___.csv
NVLS,NOVELLUS SYSTEMS INC,NOVELLUS SYSTEMS INC,2002-11-30,2004-09-30,6,2,stock berfore 2010_new___.csv
NXTL,NEXTEL COMMUNICATIONS INC,NEXTEL COMMUNICATIONS INC,2002-12-31,2004-06-30,6,3,stock berfore 2010_new___.csv
PD,PHELPS DODGE CORP,PHELPS DODGE CORP,2004-08-31,2006-09-30,6,3,stock berfore 2010_new___.csv
PH,PARKER HANNIFIN CORP,PARKER HANNIFIN CORP,2011-08-31,2014-10-31,6,3,stock between 2010_2014_new___.csv
PHA,PHARMACIA CORP,PHARMACIA CORP,2002-10-31,2003-03-31,6,6,stock berfore 2010_new___.csv
PII,POLARIS INDUSTRIES INC,POLARIS INDUSTRIES INC,2013-07-31,2015-03-31,6,2,stock between 2010_2014_new___.csv | stock between 2015_2019_new___.csv
POWI,POWER INTEGRATIONS INC,POWER INTEGRATIONS INC,2020-06-30,2022-09-30,6,1,stock between 2020_2026_new___.csv
RIO,RIO TINTO PLC,COMPANHIA VALE DO RIO DOCE | RIO TINTO PLC ORD | RIO TINTO PLC,2008-03-31,2024-04-30,6,4,stock berfore 2010_new___.csv | stock between 2020_2026_new___.csv
RP,REALPAGE INC,REALPAGE INC,2018-06-30,2020-12-31,6,1,stock between 2015_2019_new___.csv | stock between 2020_2026_new___.csv
RS,RELIANCE STEEL & ALUMINUM CO,RELIANCE STEEL & ALUMINUM CO,2007-12-31,2009-12-31,6,1,stock berfore 2010_new___.csv
S,SPRINT NEXTEL CORP,SPRINT NEXTEL CORP,2004-06-30,2013-03-31,6,4,stock berfore 2010_new___.csv | stock between 2010_2014_new___.csv
SBC,S B C COMMUNICATIONS INC,S B C COMMUNICATIONS INC,2002-11-30,2004-09-30,6,4,stock berfore 2010_new___.csv
SIVB,S V B FINANCIAL GROUP,S V B FINANCIAL GROUP,2014-09-30,2022-02-28,6,2,stock between 2010_2014_new___.csv | stock between 2015_2019_new___.csv | stock between 2020_2026_new___.csv
SUN,SUNOCO INC,SUNOCO INC,2002-08-31,2008-08-31,6,3,stock berfore 2010_new___.csv
SYMC,SYMANTEC CORP,SYMANTEC CORP,2008-06-30,2009-04-30,6,3,stock berfore 2010_new___.csv
TISI,TEAM INC,TEAM INC,2016-03-31,2018-09-30,6,1,stock between 2015_2019_new___.csv
TLAB,TELLABS INC,TELLABS INC,2002-11-30,2010-03-31,6,3,stock berfore 2010_new___.csv | stock between 2010_2014_new___.csv
TTC,TORO CO,TORO CO,2020-09-30,2022-09-30,6,1,stock between 2020_2026_new___.csv
TUP,TUPPERWARE BRANDS CORP,TUPPERWARE BRANDS CORP,2013-03-31,2013-12-31,6,1,stock between 2010_2014_new___.csv
UHS,UNIVERSAL HEALTH SERVICES INC,UNIVERSAL HEALTH SERVICES INC,2002-12-31,2019-04-30,6,2,stock berfore 2010_new___.csv | stock between 2015_2019_new___.csv
UMPQ,UMPQUA HOLDINGS CORP,UMPQUA HOLDINGS CORP,2014-03-31,2014-10-31,6,1,stock between 2010_2014_new___.csv
VIAB,VIACOM INC NEW,VIACOM INC NEW,2012-10-31,2013-03-31,6,1,stock between 2010_2014_new___.csv
WEC,W E C ENERGY GROUP INC,WISCONSIN ENERGY CORP | W E C ENERGY GROUP INC,2006-08-31,2016-07-31,6,3,stock berfore 2010_new___.csv | stock between 2010_2014_new___.csv | stock between 2015_2019_new___.csv
WIN,WINDSTREAM CORP,WINDSTREAM CORP,2007-12-31,2008-06-30,6,2,stock berfore 2010_new___.csv
ZION,ZIONS BANCORPORATION,ZIONS BANCORPORATION | ZIONS BANCORPORATION N A,2006-08-31,2022-03-31,6,2,stock berfore 2010_new___.csv | stock between 2010_2014_new___.csv | stock between 2015_2019_new___.csv | stock between 2020_2026_new___.csv
AES,A E S CORP,A E S CORP,2004-12-31,2023-12-31,5,4,stock berfore 2010_new___.csv | stock between 2010_2014_new___.csv | stock between 2020_2026_new___.csv
AOL,A O L TIME WARNER INC,A O L TIME WARNER INC,2002-11-30,2003-09-30,5,3,stock berfore 2010_new___.csv
ARYN,ARYZTA AG ORD,ARYZTA AG ORD,2013-12-31,2014-04-30,5,1,stock between 2010_2014_new___.csv
BAYGN,BAYER AG ORD,BAYER AG ORD,2012-12-31,2014-03-31,5,1,stock between 2010_2014_new___.csv
BDK,BLACK & DECKER CORP,BLACK & DECKER CORP,2002-12-31,2008-03-31,5,2,stock berfore 2010_new___.csv
BNPP,BNP PARIBAS SA ORD,BNP PARIBAS SA ORD,2023-01-31,2025-09-30,5,3,stock between 2020_2026_new___.csv
CFC,COUNTRYWIDE FINANCIAL CORP,COUNTRYWIDE FINANCIAL CORP,2003-05-31,2006-06-30,5,3,stock berfore 2010_new___.csv
CHEF,CHEFS WAREHOUSE INC,CHEFS WAREHOUSE INC,2017-09-30,2019-06-30,5,1,stock between 2015_2019_new___.csv
CHL,CHINA MOBILE LTD,CHINA MOBILE LTD,2012-12-31,2014-09-30,5,2,stock between 2010_2014_new___.csv
CLR,CONTINENTAL RESOURCES INC,CONTINENTAL RESOURCES INC,2014-03-31,2015-01-31,5,1,stock between 2010_2014_new___.csv | stock between 2015_2019_new___.csv
CRH,C R H PLC NEW,C R H PLC NEW,2024-02-29,2025-01-31,5,1,stock between 2020_2026_new___.csv
CTAS,CINTAS CORP,CINTAS CORP,2002-10-31,2005-12-31,5,2,stock berfore 2010_new___.csv
DF,DEAN FOODS CO NEW,DEAN FOODS CO NEW,2003-06-30,2006-08-31,5,2,stock berfore 2010_new___.csv
EDS,ELECTRONIC DATA SYS CORP NEW,ELECTRONIC DATA SYS CORP NEW,2003-03-31,2003-12-31,5,1,stock berfore 2010_new___.csv
ENDP,ENDO PHARMACEUTICALS HLDGS INC,ENDO PHARMACEUTICALS HLDGS INC,2007-01-31,2010-11-30,5,2,stock berfore 2010_new___.csv | stock between 2010_2014_new___.csv
EV,EATON VANCE CORP,EATON VANCE CORP,2012-12-31,2013-09-30,5,1,stock between 2010_2014_new___.csv
EXPD,EXPEDITORS INTERNATIONAL WA INC,EXPEDITORS INTERNATIONAL WA INC,2005-11-30,2010-09-30,5,5,stock berfore 2010_new___.csv | stock between 2010_2014_new___.csv
FAF,FIRST AMERICAN FINL CORP NEW,FIRST AMERICAN FINL CORP NEW,2017-07-31,2017-12-31,5,3,stock between 2015_2019_new___.csv
FIVE,FIVE BELOW INC,FIVE BELOW INC,2016-02-29,2016-07-31,5,1,stock between 2015_2019_new___.csv
FLT,FLEETCOR TECHNOLOGIES INC,FLEETCOR TECHNOLOGIES INC,2017-12-31,2021-03-31,5,1,stock between 2015_2019_new___.csv | stock between 2020_2026_new___.csv
GDT,GUIDANT CORP,GUIDANT CORP,2002-11-30,2003-11-30,5,1,stock berfore 2010_new___.csv
GSTL,GENCO SHIPPING & TRADING LTD,GENCO SHIPPING & TRADING LTD,2007-10-31,2008-07-31,5,1,stock berfore 2010_new___.csv
GT,GOODYEAR TIRE & RUBBER CO,GOODYEAR TIRE & RUBBER CO,2013-08-31,2015-11-30,5,1,stock between 2010_2014_new___.csv | stock between 2015_2019_new___.csv
JBHT,HUNT J B TRANSPORT SERVICES INC,HUNT J B TRANSPORT SERVICES INC,2015-04-30,2022-11-30,5,2,stock between 2015_2019_new___.csv | stock between 2020_2026_new___.csv
KRB,M B N A CORP,M B N A CORP,2002-11-30,2004-10-31,5,4,stock berfore 2010_new___.csv
LBRDK,LIBERTY BROADBAND CORP,LIBERTY BROADBAND CORP,2017-09-30,2020-12-31,5,2,stock between 2015_2019_new___.csv | stock between 2020_2026_new___.csv
MCO,MOODYS CORP,MOODYS CORP,2004-12-31,2019-06-30,5,3,stock berfore 2010_new___.csv | stock between 2015_2019_new___.csv
MGA,MAGNA INTERNATIONAL INC,MAGNA INTERNATIONAL INC,2010-09-30,2018-07-31,5,2,stock between 2010_2014_new___.csv | stock between 2015_2019_new___.csv
MKC,MCCORMICK & CO INC,MCCORMICK & CO INC,2003-03-31,2018-12-31,5,3,stock berfore 2010_new___.csv | stock between 2015_2019_new___.csv
MPC,MARATHON PETROLEUM CORP,MARATHON PETROLEUM CORP,2012-06-30,2015-11-30,5,4,stock between 2010_2014_new___.csv | stock between 2015_2019_new___.csv
MTB,M & T BANK CORP,M & T BANK CORP,2016-04-30,2024-10-31,5,2,stock between 2015_2019_new___.csv | stock between 2020_2026_new___.csv
PERP,PERNOD RICARD SA ORD,PERNOD RICARD SA ORD,2012-09-30,2013-09-30,5,1,stock between 2010_2014_new___.csv
PTLA,PORTOLA PHARMACEUTICALS INC,PORTOLA PHARMACEUTICALS INC,2015-09-30,2017-09-30,5,1,stock between 2015_2019_new___.csv
RE,EVEREST RE GROUP LTD,EVEREST RE GROUP LTD,2010-06-30,2013-03-31,5,3,stock between 2010_2014_new___.csv
SII,SMITH INTERNATIONAL INC,SMITH INTERNATIONAL INC,2003-06-30,2008-06-30,5,3,stock berfore 2010_new___.csv
STR,QUESTAR CORP,QUESTAR CORP,2005-03-31,2006-12-31,5,2,stock berfore 2010_new___.csv
TKR,TIMKEN CO,TIMKEN CO,2012-12-31,2022-11-30,5,2,stock between 2010_2014_new___.csv | stock between 2020_2026_new___.csv
TLN,TALEN ENERGY CORP,TALEN ENERGY CORP,2024-09-30,2025-09-30,5,1,stock between 2020_2026_new___.csv
TRGP,TARGA RESOURCES CORP,TARGA RESOURCES CORP,2024-03-31,2024-07-31,5,1,stock between 2020_2026_new___.csv
UNFI,UNITED NATURAL FOODS INC,UNITED NATURAL FOODS INC,2015-09-30,2016-07-31,5,1,stock between 2015_2019_new___.csv
UST,U S T INC,U S T INC,2007-08-31,2008-06-30,5,1,stock berfore 2010_new___.csv
USTB,VICTORY PORTFOLIOS II,VICTORY PORTFOLIOS II,2023-12-31,2025-03-31,5,1,stock between 2020_2026_new___.csv
VOYA,VOYA FINANCIAL INC,VOYA FINANCIAL INC,2015-03-31,2015-07-31,5,1,stock between 2015_2019_new___.csv
WDIG,WIRECARD AG ORD,WIRECARD AG ORD,2018-04-30,2018-09-30,5,1,stock between 2015_2019_new___.csv
WWY,WRIGLEY WILLIAM JR CO,WRIGLEY WILLIAM JR CO,2002-12-31,2004-12-31,5,1,stock berfore 2010_new___.csv
WYNN,WYNN RESORTS LTD,WYNN RESORTS LTD,2004-12-31,2011-09-30,5,4,stock berfore 2010_new___.csv | stock between 2010_2014_new___.csv
ABB,A B B LTD,A B B LTD,2014-03-31,2014-07-31,4,1,stock between 2010_2014_new___.csv
AGY,ARGOSY GAMING CO,ARGOSY GAMING CO,2003-03-31,2004-09-30,4,1,stock berfore 2010_new___.csv
ANDX,ANDEAVOR LOGISTICS LP,ANDEAVOR LOGISTICS LP,2017-08-31,2018-09-30,4,1,stock between 2015_2019_new___.csv
APOL,APOLLO GROUP INC,APOLLO GROUP INC,2003-05-31,2011-12-31,4,4,stock berfore 2010_new___.csv | stock between 2010_2014_new___.csv
ASO,ACADEMY SPORTS & OUTDOORS INC,AMSOUTH BANCORPORATION | ACADEMY SPORTS & OUTDOORS INC,2006-09-30,2021-03-31,4,2,stock berfore 2010_new___.csv | stock between 2020_2026_new___.csv
BG,BUNGE LTD,BUNGE LTD,2007-12-31,2008-10-31,4,3,stock berfore 2010_new___.csv
BJS,B J SERVICES CO,B J SERVICES CO,2005-03-31,2006-06-30,4,3,stock berfore 2010_new___.csv
BLDR,BUILDERS FIRSTSOURCE INC,BUILDERS FIRSTSOURCE INC,2021-12-31,2023-07-31,4,2,stock between 2020_2026_new___.csv
BRG,B G GROUP PLC,B G GROUP PLC,2007-12-31,2009-12-31,4,1,stock berfore 2010_new___.csv
BSC,BEAR STEARNS COMPANIES INC,BEAR STEARNS COMPANIES INC,2005-12-31,2006-09-30,4,3,stock berfore 2010_new___.csv
BXP,BOSTON PROPERTIES INC,BOSTON PROPERTIES INC,2008-01-31,2014-07-31,4,1,stock berfore 2010_new___.csv | stock between 2010_2014_new___.csv
CA,COMPUTER ASSOCIATES INTL INC,COMPUTER ASSOCIATES INTL INC,2003-03-31,2004-12-31,4,2,stock berfore 2010_new___.csv
CAL,CONTINENTAL AIRLINES INC,CONTINENTAL AIRLINES INC,2009-06-30,2010-09-30,4,1,stock berfore 2010_new___.csv | stock between 2010_2014_new___.csv
CD,CENDANT CORP,CENDANT CORP,2002-11-30,2004-06-30,4,3,stock berfore 2010_new___.csv
CFN,CAREFUSION CORP,CAREFUSION CORP,2013-05-31,2013-07-31,4,2,stock between 2010_2014_new___.csv
CIT,C I T GROUP INC NEW,C I T GROUP INC NEW,2010-10-31,2013-09-30,4,3,stock between 2010_2014_new___.csv
CKFR,CHECKFREE CORP NEW,CHECKFREE CORP NEW,2003-12-31,2006-09-30,4,2,stock berfore 2010_new___.csv
CNC,CENTENE CORP DEL,CENTENE CORP DEL,2015-03-31,2024-09-30,4,2,stock between 2015_2019_new___.csv | stock between 2020_2026_new___.csv
COL,ROCKWELL COLLINS INC,ROCKWELL COLLINS INC,2008-03-31,2017-09-30,4,1,stock berfore 2010_new___.csv | stock between 2015_2019_new___.csv
CTRA,COTERRA ENERGY INC,COTERRA ENERGY INC,2022-03-31,2022-09-30,4,2,stock between 2020_2026_new___.csv
DDOG,DATADOG INC,DATADOG INC,2022-03-31,2022-11-30,4,1,stock between 2020_2026_new___.csv
DLB,DOLBY LABORATORIES INC,DOLBY LABORATORIES INC,2020-12-31,2021-09-30,4,1,stock between 2020_2026_new___.csv
DPS,DR PEPPER SNAPPLE GROUP INC,DR PEPPER SNAPPLE GROUP INC,2016-06-30,2016-09-30,4,1,stock between 2015_2019_new___.csv
DTEGN,DEUTSCHE TELEKOM ORD,DEUTSCHE TELEKOM ORD,2013-12-31,2015-03-31,4,2,stock between 2010_2014_new___.csv | stock between 2015_2019_new___.csv
DXPE,D X P ENTERPRISES INC,D X P ENTERPRISES INC,2013-12-31,2019-06-30,4,1,stock between 2010_2014_new___.csv | stock between 2015_2019_new___.csv
ENH,ENDURANCE SPECIALTY HOLDINGS LTD,ENDURANCE SPECIALTY HOLDINGS LTD,2012-12-31,2013-09-30,4,1,stock between 2010_2014_new___.csv
EPD,ENTERPRISE PRODUCTS PARTNERS LP,ENTERPRISE PRODUCTS PARTNERS LP,2012-06-30,2014-09-30,4,3,stock between 2010_2014_new___.csv
FD,FEDERATED DEPT STORES INC DEL,FEDERATED DEPT STORES INC DEL,2003-04-30,2005-12-31,4,4,stock berfore 2010_new___.csv
FERG,FERGUSON PLC,FERGUSON PLC | FERGUSON ENTERPRISES INC,2023-05-31,2025-09-30,4,2,stock between 2020_2026_new___.csv
FRC,FIRST REPUBLIC BANK S F NEW,FIRST REPUBLIC BANK S F NEW,2019-12-31,2021-06-30,4,1,stock between 2015_2019_new___.csv | stock between 2020_2026_new___.csv
GCI,GANNETT CO INC,GANNETT CO INC,2003-01-31,2004-07-31,4,2,stock berfore 2010_new___.csv
GIFI,GULF ISLAND FABRICATION INC,GULF ISLAND FABRICATION INC,2007-12-31,2008-09-30,4,1,stock berfore 2010_new___.csv
GOLD,BARRICK GOLD CORP,BARRICK GOLD CORP,2020-06-30,2020-09-30,4,1,stock between 2020_2026_new___.csv
GPT,GRAMERCY PROPERTY TRUST INC,GREENPOINT FINANCIAL CORP | GRAMERCY PROPERTY TRUST INC,2002-12-31,2014-04-30,4,2,stock berfore 2010_new___.csv | stock between 2010_2014_new___.csv
HCC,H C C INSURANCE HOLDINGS INC,H C C INSURANCE HOLDINGS INC,2006-09-30,2011-04-30,4,2,stock berfore 2010_new___.csv | stock between 2010_2014_new___.csv
HCP,H C P INC,H C P INC,2013-01-31,2013-04-30,4,1,stock between 2010_2014_new___.csv
HP,HELMERICH & PAYNE INC,HELMERICH & PAYNE INC,2006-08-31,2014-06-30,4,2,stock berfore 2010_new___.csv | stock between 2010_2014_new___.csv
IAC,IAC INTERACTIVECORP,IAC INTERACTIVECORP,2019-07-31,2019-08-31,4,2,stock between 2015_2019_new___.csv
KMG,KERR MCGEE CORP,KERR MCGEE CORP,2003-09-30,2006-06-30,4,1,stock berfore 2010_new___.csv
LINI,LINDE PLC ORD,LINDE PLC ORD,2018-10-31,2018-11-30,4,2,stock between 2015_2019_new___.csv
LVMH,LVMH MOET HENNESSY LOUIS VUITTON SA ORD,LVMH MOET HENNESSY LOUIS VUITTON SA ORD,2019-03-31,2019-08-31,4,1,stock between 2015_2019_new___.csv
MFC,MANULIFE FINANCIAL CORP,MANULIFE FINANCIAL CORP,2014-06-30,2014-09-30,4,1,stock between 2010_2014_new___.csv
MTN,VAIL RESORTS INC,VAIL RESORTS INC,2014-12-31,2015-09-30,4,1,stock between 2010_2014_new___.csv | stock between 2015_2019_new___.csv
MW,MENS WEARHOUSE INC,MENS WEARHOUSE INC,2015-04-30,2015-07-31,4,1,stock between 2015_2019_new___.csv
NAV,NAVISTAR INTERNATIONAL CORP,NAVISTAR INTERNATIONAL CORP,2010-06-30,2013-12-31,4,2,stock between 2010_2014_new___.csv
NOVOB,NOVO NORDISK A/S ORD,NOVO NORDISK A/S ORD,2015-09-30,2022-04-30,4,2,stock between 2015_2019_new___.csv | stock between 2020_2026_new___.csv
NRDBY,NORDEA BANK ABP SPONSORED FINLAN ADR,NORDEA BANK ABP DR | NORDEA BANK ABP SPONSORED FINLAN ADR,2021-07-31,2023-01-31,4,1,stock between 2020_2026_new___.csv
OKTA,OKTA INC,OKTA INC,2020-05-31,2020-11-30,4,1,stock between 2020_2026_new___.csv
PCLN,PRICELINE COM INC,PRICELINE COM INC | PRICELINE GROUP INC,2007-06-30,2017-09-30,4,4,stock berfore 2010_new___.csv | stock between 2015_2019_new___.csv
PETM,PETSMART INC,PETSMART INC,2008-04-30,2012-09-30,4,2,stock berfore 2010_new___.csv | stock between 2010_2014_new___.csv
PHG,KONINKLIJKE PHILIPS ELEC N V,KONINKLIJKE PHILIPS ELEC N V | KONINKLIJKE PHILIPS N V,2006-06-30,2013-11-30,4,3,stock berfore 2010_new___.csv | stock between 2010_2014_new___.csv
PHIIK,P H I INC,P H I INC,2007-12-31,2008-09-30,4,1,stock berfore 2010_new___.csv
PHM,PULTE GROUP INC,PULTE GROUP INC,2012-12-31,2014-06-30,4,2,stock between 2010_2014_new___.csv
PMI,P M I GROUP INC,P M I GROUP INC,2003-09-30,2006-12-31,4,1,stock berfore 2010_new___.csv
PTR,PETROCHINA CO LTD,PETROCHINA CO LTD,2014-06-30,2014-09-30,4,1,stock between 2010_2014_new___.csv
ROST,ROSS STORES INC,ROSS STORES INC,2011-06-30,2016-11-30,4,2,stock between 2010_2014_new___.csv | stock between 2015_2019_new___.csv
RPM,R P M INTERNATIONAL INC,R P M INTERNATIONAL INC,2016-03-31,2016-08-31,4,1,stock between 2015_2019_new___.csv
SEIC,S E I INVESTMENTS CO,S E I INVESTMENTS COMPANY | S E I INVESTMENTS CO,2006-09-30,2018-03-31,4,2,stock berfore 2010_new___.csv | stock between 2015_2019_new___.csv
SGP,SCHERING PLOUGH CORP,SCHERING PLOUGH CORP,2008-03-31,2009-04-30,4,1,stock berfore 2010_new___.csv
SI,SIEMENS A G,SIEMENS A G,2010-10-31,2012-06-30,4,2,stock between 2010_2014_new___.csv
SID,COMPANHIA SIDERURGICA NACIONAL,COMPANHIA SIDERURGICA NACIONAL,2007-12-31,2020-09-30,4,1,stock berfore 2010_new___.csv | stock between 2015_2019_new___.csv | stock between 2020_2026_new___.csv
SMCI,SUPER MICRO COMPUTER INC,SUPER MICRO COMPUTER INC,2021-03-31,2022-09-30,4,1,stock between 2020_2026_new___.csv
SRCL,STERICYCLE INC,STERICYCLE INC,2006-08-31,2016-06-30,4,2,stock berfore 2010_new___.csv | stock between 2015_2019_new___.csv
SSE,SSE PLC ORD,SSE PLC ORD,2014-10-31,2014-12-31,4,2,stock between 2010_2014_new___.csv
SWK,STANLEY BLACK & DECKER INC,STANLEY BLACK & DECKER INC,2020-09-30,2020-12-31,4,1,stock between 2020_2026_new___.csv
TM,TOYOTA MOTOR CORP,TOYOTA MOTOR CORP,2006-09-30,2008-04-30,4,2,stock berfore 2010_new___.csv
TRP,TRANSCANADA CORP,TRANSCANADA CORP,2012-12-31,2014-09-30,4,1,stock between 2010_2014_new___.csv
TRQ,TURQUOISE HILL RESOURCES LTD,TURQUOISE HILL RESOURCES LTD,2017-09-30,2018-06-30,4,1,stock between 2015_2019_new___.csv
UDR,U D R INC,U D R INC,2007-12-31,2008-06-30,4,1,stock berfore 2010_new___.csv
UPL,ULTRA PETROLEUM CORP,ULTRA PETROLEUM CORP,2008-09-30,2009-12-31,4,1,stock berfore 2010_new___.csv
WLL,WHITING PETROLEUM CORP NEW,WHITING PETROLEUM CORP NEW,2013-01-31,2013-05-31,4,1,stock between 2010_2014_new___.csv
WR,WESTAR ENERGY INC,WESTAR ENERGY INC,2013-03-31,2013-07-31,4,1,stock between 2010_2014_new___.csv
XEL,X C E L ENERGY INC,X C E L ENERGY INC,2009-10-31,2018-06-30,4,2,stock berfore 2010_new___.csv | stock between 2010_2014_new___.csv | stock between 2015_2019_new___.csv
XRAY,DENTSPLY INTERNATIONAL INC NEW,DENTSPLY INTERNATIONAL INC NEW,2002-09-30,2004-09-30,4,1,stock berfore 2010_new___.csv
AAP,ADVANCE AUTO PARTS INC,ADVANCE AUTO PARTS INC,2009-03-31,2012-03-31,3,2,stock berfore 2010_new___.csv | stock between 2010_2014_new___.csv
ABH,Abitibi-Consolidated Inc,Abitibi-Consolidated Inc,2003-06-30,2003-12-31,3,2,stock berfore 2010_new___.csv
ABI,ANHEUSER-BUSCH INBEV NV ORD,ANHEUSER-BUSCH INBEV NV ORD,2010-08-31,2010-10-31,3,3,stock between 2010_2014_new___.csv
ALVG,ALLIANZ SE ORD,ALLIANZ SE ORD,2017-12-31,2018-04-30,3,1,stock between 2015_2019_new___.csv
AMTD,T D AMERITRADE HOLDING CORP,T D AMERITRADE HOLDING CORP,2007-04-30,2007-06-30,3,1,stock berfore 2010_new___.csv
ARO,AEROPOSTALE INC,AEROPOSTALE INC,2009-12-31,2012-03-31,3,2,stock berfore 2010_new___.csv | stock between 2010_2014_new___.csv
AT,ALLTEL CORP,ALLTEL CORP,2002-10-31,2003-10-31,3,1,stock berfore 2010_new___.csv
AVT,AVNET INC,AVNET INC,2009-09-30,2009-12-31,3,2,stock berfore 2010_new___.csv
BEZ,BALDOR ELECTRIC CO,BALDOR ELECTRIC CO,2009-03-31,2009-06-30,3,1,stock berfore 2010_new___.csv
BHP,B H P BILLITON LTD,B H P BILLITON LTD,2014-06-30,2014-08-31,3,1,stock between 2010_2014_new___.csv
BRGYY,BG GROUP PLC DR,BG GROUP PLC DR,2011-01-31,2011-03-31,3,1,stock between 2010_2014_new___.csv
BSBR,BANCO SANTANDER BRASIL S A,BANCO SANTANDER BRASIL S A,2018-12-31,2019-06-30,3,1,stock between 2015_2019_new___.csv
CBG,C B R E GROUP INC,C B R E GROUP INC,2015-10-31,2015-12-31,3,1,stock between 2015_2019_new___.csv
CHSI,CATALYST HEALTH SOLUTIONS INC,CATALYST HEALTH SOLUTIONS INC,2011-09-30,2012-06-30,3,1,stock between 2010_2014_new___.csv
CLB,CORE LABORATORIES NV,CORE LABORATORIES NV | CORE LABORATORIES INC ORD,2010-04-30,2011-12-31,3,2,stock between 2010_2014_new___.csv
COH,COACH INC,COACH INC,2009-06-30,2009-12-31,3,1,stock berfore 2010_new___.csv
CPO,CORN PRODUCTS INTERNATIONAL INC,CORN PRODUCTS INTERNATIONAL IN | CORN PRODUCTS INTERNATIONAL INC,2007-12-31,2012-05-31,3,2,stock berfore 2010_new___.csv | stock between 2010_2014_new___.csv
CRBG,COREBRIDGE FINANCIAL INC,COREBRIDGE FINANCIAL INC,2024-12-31,2025-06-30,3,1,stock between 2020_2026_new___.csv
CRL,CHARLES RIVER LABS INTL INC,CHARLES RIVER LABS INTL INC,2021-03-31,2021-09-30,3,1,stock between 2020_2026_new___.csv
CSL,CARLISLE COMPANIES,CARLISLE COMPANIES,2022-06-30,2023-06-30,3,1,stock between 2020_2026_new___.csv
CVC,CABLEVISION SYSTEMS CORP,CABLEVISION SYSTEMS CORP,2006-09-30,2006-11-30,3,1,stock berfore 2010_new___.csv
DGE,DIAGEO PLC ORD,DIAGEO PLC ORD,2011-03-31,2011-07-31,3,1,stock between 2010_2014_new___.csv
DISCK,DISCOVERY COMMUNICATIONS INC,DISCOVERY COMMUNICATIONS INC,2014-12-31,2015-06-30,3,1,stock between 2010_2014_new___.csv | stock between 2015_2019_new___.csv
DPTR,DELTA PETROLEUM CORP,DELTA PETROLEUM CORP,2007-12-31,2008-06-30,3,1,stock berfore 2010_new___.csv
EMG,MAN GROUP PLC ORD,MAN GROUP PLC ORD,2010-12-31,2011-02-28,3,1,stock between 2010_2014_new___.csv
EXPE,EXPEDIA INC DE,EXPEDIA INC DE | EXPEDIA GROUP INC ORD,2009-06-30,2010-09-30,3,2,stock berfore 2010_new___.csv | stock between 2010_2014_new___.csv
FFH,FAIRFAX FINANCIAL HOLDINGS LTD ORD,FAIRFAX FINANCIAL HOLDINGS LTD ORD,2015-12-31,2016-06-30,3,1,stock between 2015_2019_new___.csv
FSL,FREESCALE SEMICONDUCTOR INC,FREESCALE SEMICONDUCTOR INC,2006-06-30,2006-10-31,3,2,stock berfore 2010_new___.csv
GENZ,GENZYME CORP,GENZYME CORP,2007-10-31,2008-10-31,3,1,stock berfore 2010_new___.csv
GFLW,VICTORY PORTFOLIOS II,VICTORY PORTFOLIOS II,2025-03-31,2025-09-30,3,1,stock between 2020_2026_new___.csv
GMST,GEMSTAR TV GUIDE INTL INC,GEMSTAR TV GUIDE INTL INC,2007-09-30,2008-03-31,3,1,stock berfore 2010_new___.csv
GXP,GREAT PLAINS ENERGY INC,GREAT PLAINS ENERGY INC,2009-06-30,2009-10-31,3,1,stock berfore 2010_new___.csv
HEIN,HEINEKEN NV ORD,HEINEKEN NV ORD,2012-02-29,2012-04-30,3,1,stock between 2010_2014_new___.csv
HK,PETROHAWK ENERGY CORP,PETROHAWK ENERGY CORP,2009-02-28,2009-03-31,3,2,stock berfore 2010_new___.csv
HLT,HILTON WORLDWIDE HOLDINGS INC,HILTON WORLDWIDE HOLDINGS INC,2015-04-30,2015-07-31,3,1,stock between 2015_2019_new___.csv
HLX,HELIX ENERGY SOLUTIONS GROUP INC,HELIX ENERGY SOLUTIONS GROUP INC,2014-03-31,2014-12-31,3,1,stock between 2010_2014_new___.csv
HOT,STARWOOD HOTELS & REST WLDWD INC,STARWOOD HOTELS & REST WLDWD INC,2003-12-31,2014-12-31,3,2,stock berfore 2010_new___.csv | stock between 2010_2014_new___.csv
HSIC,SCHEIN HENRY INC,SCHEIN HENRY INC,2017-12-31,2018-06-30,3,1,stock between 2015_2019_new___.csv
HXL,HEXCEL CORP NEW,HEXCEL CORP NEW,2014-03-31,2015-06-30,3,1,stock between 2010_2014_new___.csv | stock between 2015_2019_new___.csv
ING,I N G GROEP N V,I N G GROEP N V,2004-06-30,2004-12-31,3,1,stock berfore 2010_new___.csv
IR,INGERSOLL RAND PLC,INGERSOLL RAND PLC,2009-09-30,2010-03-31,3,1,stock berfore 2010_new___.csv | stock between 2010_2014_new___.csv
JBL,JABIL CIRCUIT INC,JABIL CIRCUIT INC,2013-08-31,2014-06-30,3,1,stock between 2010_2014_new___.csv
JNC,NUVEEN INVESTMENTS INC,NUVEEN INVESTMENTS INC,2006-02-28,2006-09-30,3,1,stock berfore 2010_new___.csv
KIM,KIMCO REALTY CORP,KIMCO REALTY CORP,2007-01-31,2007-03-31,3,1,stock berfore 2010_new___.csv
LOG,LOGICA PLC ORD,LOGICA PLC ORD,2012-03-31,2012-06-30,3,1,stock between 2010_2014_new___.csv
LXK,LEXMARK INTERNATIONAL INC NEW,LEXMARK INTERNATIONAL INC NEW,2002-11-30,2004-06-30,3,3,stock berfore 2010_new___.csv
MEL,MELLON FINANCIAL CORP,MELLON FINANCIAL CORP,2003-01-31,2005-12-31,3,2,stock berfore 2010_new___.csv
MKL,MARKEL CORP,MARKEL CORP | MARKEL GROUP INC,2022-03-31,2023-06-30,3,1,stock between 2020_2026_new___.csv
MNK,MALLINCKRODT PLC,MALLINCKRODT PLC,2015-03-31,2016-09-30,3,2,stock between 2015_2019_new___.csv
MOGN,M G I PHARMA INC,M G I PHARMA INC,2005-06-30,2006-03-31,3,1,stock berfore 2010_new___.csv
MORN,MORNINGSTAR INC,MORNINGSTAR INC,2016-12-31,2019-06-30,3,1,stock between 2015_2019_new___.csv
MTG,M G I C INVESTMENT CORP WIS,M G I C INVESTMENT CORP WIS,2002-12-31,2006-08-31,3,2,stock berfore 2010_new___.csv
MTH,MERITAGE HOMES CORP,MERITAGE HOMES CORP,2019-09-30,2020-09-30,3,1,stock between 2015_2019_new___.csv | stock between 2020_2026_new___.csv
MYLNP,MYLAN INC,MYLAN INC,2010-06-30,2010-09-30,3,2,stock between 2010_2014_new___.csv
NCR,N C R CORP NEW,N C R CORP NEW,2005-06-30,2023-09-30,3,2,stock berfore 2010_new___.csv | stock between 2020_2026_new___.csv
NXL,NEW PLAN EXCEL REALTY TRUST INC,NEW PLAN EXCEL REALTY TRUST INC,2002-12-31,2006-06-30,3,2,stock berfore 2010_new___.csv
OMF,ONEMAIN HOLDINGS INC,ONEMAIN HOLDINGS INC,2021-03-31,2021-09-30,3,1,stock between 2020_2026_new___.csv
PINS,PINTEREST INC,PINTEREST INC,2020-12-31,2021-06-30,3,1,stock between 2020_2026_new___.csv
PLL,PALL CORP,PALL CORP,2003-03-31,2004-09-30,3,1,stock berfore 2010_new___.csv
PVT,PIVOTAL ACQUISITION CORP,PIVOTAL ACQUISITION CORP,2003-06-30,2003-12-31,3,2,stock berfore 2010_new___.csv
RGC,REGAL ENTERTAINMENT GROUP,REGAL ENTERTAINMENT GROUP,2011-10-31,2015-02-28,3,2,stock between 2010_2014_new___.csv | stock between 2015_2019_new___.csv
RRC,RANGE RESOURCES CORP,RANGE RESOURCES CORP,2015-06-30,2022-06-30,3,2,stock between 2015_2019_new___.csv | stock between 2020_2026_new___.csv
SCCO,SOUTHERN COPPER CORP,SOUTHERN COPPER CORP,2009-06-30,2010-09-30,3,1,stock berfore 2010_new___.csv | stock between 2010_2014_new___.csv
SE,SPECTRA ENERGY CORP,SPECTRA ENERGY CORP,2010-09-30,2016-06-30,3,2,stock between 2010_2014_new___.csv | stock between 2015_2019_new___.csv
SKM,S K TELECOM CO LTD,S K TELECOM CO LTD,2015-03-31,2015-09-30,3,1,stock between 2015_2019_new___.csv
SNDK,SANDISK CORP,SANDISK CORP,2010-06-30,2014-09-30,3,1,stock between 2010_2014_new___.csv
SNP,CHINA PETRO & CHEMICAL CORP,CHINA PETRO & CHEMICAL CORP,2014-06-30,2014-08-31,3,1,stock between 2010_2014_new___.csv
SOTR,SOUTHTRUST CORP,SOUTHTRUST CORP,2002-08-31,2004-08-31,3,1,stock berfore 2010_new___.csv
SSCC,SMURFIT STONE CONTAINER CORP,SMURFIT STONE CONTAINER CORP,2007-06-30,2007-12-31,3,1,stock berfore 2010_new___.csv
STA,ST PAUL TRAVELERS COS INC,ST PAUL TRAVELERS COS INC,2004-01-31,2004-07-31,3,2,stock berfore 2010_new___.csv
TCK,TECK COMINCO LTD,TECK COMINCO LTD | TECK RESOURCES LTD,2009-12-31,2010-12-31,3,1,stock berfore 2010_new___.csv | stock between 2010_2014_new___.csv
TDS,TELEPHONE & DATA SYSTEMS INC,TELEPHONE & DATA SYSTEMS INC,2008-06-30,2009-03-31,3,1,stock berfore 2010_new___.csv
THC,TENET HEALTHCARE CORP,TENET HEALTHCARE CORP,2003-05-31,2021-12-31,3,2,stock berfore 2010_new___.csv | stock between 2020_2026_new___.csv
THO,THOR INDUSTRIES INC,THOR INDUSTRIES INC,2016-12-31,2020-06-30,3,1,stock between 2015_2019_new___.csv | stock between 2020_2026_new___.csv
THRM,GENTHERM INC,GENTHERM INC,2016-03-31,2016-09-30,3,1,stock between 2015_2019_new___.csv
TMUS,T-MOBILE US INC ORD,T-MOBILE US INC ORD | T MOBILE U S INC,2011-03-31,2022-06-30,3,2,stock between 2010_2014_new___.csv | stock between 2020_2026_new___.csv
TRTN,TRITON INTERNATIONAL LTD,TRITON INTERNATIONAL LTD,2016-12-31,2017-06-30,3,1,stock between 2015_2019_new___.csv
TSO,TESORO CORP,TESORO CORP,2012-12-31,2013-03-31,3,1,stock between 2010_2014_new___.csv
TTEF,TOTALENERGIES SE ORD,TOTALENERGIES SE ORD,2021-09-30,2022-06-30,3,3,stock between 2020_2026_new___.csv
TTM,TATA MOTORS LTD,TATA MOTORS LTD,2010-09-30,2012-03-31,3,1,stock between 2010_2014_new___.csv
UBNT,UBIQUITI NETWORKS INC,UBIQUITI NETWORKS INC,2018-12-31,2019-06-30,3,1,stock between 2015_2019_new___.csv
UI,UBIQUITI INC,UBIQUITI INC,2019-09-30,2020-01-31,3,1,stock between 2015_2019_new___.csv | stock between 2020_2026_new___.csv
UL,UNILEVER PLC,UNILEVER PLC,2011-07-31,2025-10-31,3,2,stock between 2010_2014_new___.csv | stock between 2020_2026_new___.csv
VRUS,PHARMASSET INC,PHARMASSET INC,2011-06-30,2011-11-30,3,2,stock between 2010_2014_new___.csv
VWR,V W R CORP,V W R CORP,2015-12-31,2017-06-30,3,1,stock between 2015_2019_new___.csv
WAT,WATERS CORP,WATERS CORP,2011-04-30,2011-06-30,3,1,stock between 2010_2014_new___.csv
XRX,XEROX HOLDINGS CORP ORD,XEROX CORP | XEROX HOLDINGS CORP ORD,2004-06-30,2013-08-31,3,3,stock berfore 2010_new___.csv | stock between 2010_2014_new___.csv
Y,ALLEGHANY CORP DE,ALLEGHANY CORP DE,2018-12-31,2019-12-31,3,1,stock between 2015_2019_new___.csv
ZBRA,ZEBRA TECHNOLOGIES CORP,ZEBRA TECHNOLOGIES CORP,2003-01-31,2019-03-31,3,2,stock berfore 2010_new___.csv | stock between 2015_2019_new___.csv
ZI,ZOOMINFO TECHNOLOGIES INC,ZOOMINFO TECHNOLOGIES INC,2022-08-31,2022-10-31,3,1,stock between 2020_2026_new___.csv
ABEV,AMBEV SA,AMBEV SA,2018-12-31,2019-09-30,2,1,stock between 2015_2019_new___.csv
ABG,ASBURY AUTOMOTIVE GROUP INC,ASBURY AUTOMOTIVE GROUP INC,2020-12-31,2024-06-30,2,2,stock between 2020_2026_new___.csv
AEH,AEGON N V,AEGON N V,2007-12-31,2008-03-31,2,1,stock berfore 2010_new___.csv
AGCO,A G C O CORP,A G C O CORP,2009-03-31,2013-09-30,2,2,stock berfore 2010_new___.csv | stock between 2010_2014_new___.csv
AIZ,ASSURANT INC,ASSURANT INC,2008-09-30,2008-12-31,2,1,stock berfore 2010_new___.csv
ALRM,ALARM COM HOLDINGS INC,ALARM COM HOLDINGS INC,2022-06-30,2022-09-30,2,1,stock between 2020_2026_new___.csv
ANW,AEGEAN MARINE PETROLEUM NETW I,AEGEAN MARINE PETROLEUM NETW I,2008-01-31,2008-03-31,2,1,stock berfore 2010_new___.csv
AR,ANTERO RESOURCES CORP,ANTERO RESOURCES CORP,2022-03-31,2022-06-30,2,1,stock between 2020_2026_new___.csv
ARG,AIRGAS INC,AIRGAS INC,2011-12-31,2012-03-31,2,1,stock between 2010_2014_new___.csv
ARI,ARDEN REALTY INC,ARDEN REALTY INC,2002-12-31,2003-06-30,2,1,stock berfore 2010_new___.csv
ASBC,ASSOCIATED BANC CORP,ASSOCIATED BANC CORP,2006-02-28,2006-08-31,2,1,stock berfore 2010_new___.csv
ASD,AMERICAN STANDARD COS INC DEL,AMERICAN STANDARD COS INC DEL,2002-12-31,2003-06-30,2,1,stock berfore 2010_new___.csv
ATI,A T I INC,A T I INC,2025-10-31,2025-11-30,2,1,stock between 2020_2026_new___.csv
AU,ANGLOGOLD ASHANTI HLDGS FIN PLC,ANGLOGOLD ASHANTI HLDGS FIN PLC,2010-09-30,2010-12-31,2,1,stock between 2010_2014_new___.csv
AVA,Avista Corp,Avista Corp,2003-07-31,2004-01-31,2,1,stock berfore 2010_new___.csv
AWK,AMERICAN WATER WORKS CO INC,AMERICAN WATER WORKS CO INC,2019-09-30,2019-10-31,2,1,stock between 2015_2019_new___.csv
BAWG,BAWAG GROUP AG ORD,BAWAG GROUP AG ORD,2024-03-31,2024-04-30,2,1,stock between 2020_2026_new___.csv
BCC,BOISE CASCADE CORP,BOISE CASCADE CORP,2002-10-31,2003-04-30,2,1,stock berfore 2010_new___.csv
BFB,Brown Forman Corp,Brown Forman Corp,2003-07-31,2004-01-31,2,1,stock berfore 2010_new___.csv
BGG,BRIGGS & STRATTON CORP,BRIGGS & STRATTON CORP,2004-12-31,2005-06-30,2,1,stock berfore 2010_new___.csv
BKE,BUCKLE INC,BUCKLE INC,2021-06-30,2021-12-31,2,1,stock between 2020_2026_new___.csv
BKI,BLACK KNIGHT INC,BLACK KNIGHT INC,2020-09-30,2020-12-31,2,1,stock between 2020_2026_new___.csv
BMDL,VICTORY PORTFOLIOS II,VICTORY PORTFOLIOS II,2025-06-30,2025-09-30,2,1,stock between 2020_2026_new___.csv
BMET,BIOMET INC,BIOMET INC,2003-03-31,2004-09-30,2,1,stock berfore 2010_new___.csv
BNK,BANKNORTH GROUP INC ME,BANKNORTH GROUP INC ME,2003-12-31,2004-06-30,2,1,stock berfore 2010_new___.csv
BR,BROADRIDGE FINANCIAL SOLUTNS INC,BURLINGTON RESOURCES INC | BROADRIDGE FINANCIAL SOLUTNS INC,2005-12-31,2021-12-31,2,2,stock berfore 2010_new___.csv | stock between 2020_2026_new___.csv
BRO,BROWN & BROWN INC,BROWN & BROWN INC,2015-09-30,2015-12-31,2,1,stock between 2015_2019_new___.csv
BRS,BRISTOW GROUP INC,BRISTOW GROUP INC,2014-04-30,2014-06-30,2,1,stock between 2010_2014_new___.csv
CMG,CHIPOTLE MEXICAN GRILL INC,CHIPOTLE MEXICAN GRILL INC,2010-09-30,2010-11-30,2,1,stock between 2010_2014_new___.csv
CREE,CREE INC,CREE INC,2004-03-31,2009-12-31,2,2,stock berfore 2010_new___.csv
CTXS,CITRIX SYSTEMS INC,CITRIX SYSTEMS INC,2020-03-31,2020-06-30,2,1,stock between 2020_2026_new___.csv
DA,GROUPE DANONE,GROUPE DANONE,2007-01-31,2007-02-28,2,1,stock berfore 2010_new___.csv
DG,DOLLAR GENERAL CORP,DOLLAR GENERAL CORP | DOLLAR GENERAL CORP NEW,2005-06-30,2021-06-30,2,2,stock berfore 2010_new___.csv | stock between 2020_2026_new___.csv
DKS,DICKS SPORTING GOODS INC,DICKS SPORTING GOODS INC,2020-09-30,2021-06-30,2,1,stock between 2020_2026_new___.csv
DRE,DUKE REALTY CORP,DUKE REALTY CORP,2021-11-30,2022-08-31,2,1,stock between 2020_2026_new___.csv
DRI,DARDEN RESTAURANTS INC,DARDEN RESTAURANTS INC,2008-12-31,2008-12-31,2,2,stock berfore 2010_new___.csv
DRUA,DOMINION ENERGY INC,DOMINION ENERGY INC,2021-06-30,2021-07-31,2,1,stock between 2020_2026_new___.csv
EAGGQ,Eagle Geophysical Incorporated,Eagle Geophysical Incorporated,2003-03-31,2003-09-30,2,1,stock berfore 2010_new___.csv
EAT,BRINKER INTERNATIONAL INC,BRINKER INTERNATIONAL INC,2003-09-30,2006-10-31,2,2,stock berfore 2010_new___.csv
ENEI,ENEL SPA ORD,ENEL SPA ORD,2020-12-31,2021-03-31,2,1,stock between 2020_2026_new___.csv
EPKKY,EPIROC AB DR,EPIROC AB DR,2003-11-30,2004-05-31,2,1,stock berfore 2010_new___.csv
ESI,I T T EDUCATIONAL SERVICES INC,I T T EDUCATIONAL SERVICES INC,2008-09-30,2008-12-31,2,1,stock berfore 2010_new___.csv
EXAS,EXACT SCIENCES CORP,EXACT SCIENCES CORP,2014-12-31,2015-06-30,2,1,stock between 2010_2014_new___.csv | stock between 2015_2019_new___.csv
EXH,EXTERRAN HOLDINGS INC,EXTERRAN HOLDINGS INC,2014-03-31,2014-04-30,2,1,stock between 2010_2014_new___.csv
FNB,F N B CORP PA,F N B CORP PA,2010-06-30,2010-07-31,2,1,stock between 2010_2014_new___.csv
FNV,FRANCO NEVADA CORP,FRANCO NEVADA CORP,2012-09-30,2025-09-30,2,2,stock between 2010_2014_new___.csv | stock between 2020_2026_new___.csv
FOX,FOX ENTERTAINMENT GROUP INC,FOX ENTERTAINMENT GROUP INC,2002-12-31,2004-12-31,2,2,stock berfore 2010_new___.csv
FRX,FOREST LABS INC,FOREST LABS INC,2002-11-30,2002-12-31,2,2,stock berfore 2010_new___.csv
FSH,FISHER SCIENTIFIC INTL INC,FISHER SCIENTIFIC INTL INC,2006-09-30,2006-10-31,2,1,stock berfore 2010_new___.csv
GDI,GARDNER DENVER INC,GARDNER DENVER INC,2006-02-28,2006-08-31,2,1,stock berfore 2010_new___.csv
GMA,General Motors Acceptance Corp,General Motors Acceptance Corp,2003-06-30,2003-12-31,2,1,stock berfore 2010_new___.csv
GMCR,GREEN MOUNTAIN COFFEE ROASTERS I,GREEN MOUNTAIN COFFEE ROASTERS I,2010-09-30,2010-09-30,2,2,stock between 2010_2014_new___.csv
GNW,GENWORTH FINANCIAL INC,GENWORTH FINANCIAL INC,2006-06-30,2006-09-30,2,1,stock berfore 2010_new___.csv
GR,GOODRICH CORP,GOODRICH CORP,2007-12-31,2011-09-30,2,2,stock berfore 2010_new___.csv | stock between 2010_2014_new___.csv
GSF,GLOBALSANTAFE CORP,GLOBALSANTAFE CORP,2006-03-31,2006-06-30,2,1,stock berfore 2010_new___.csv
HAIN,HAIN CELESTIAL GROUP INC,HAIN CELESTIAL GROUP INC,2008-07-31,2016-06-30,2,2,stock berfore 2010_new___.csv | stock between 2015_2019_new___.csv
HCBK,HUDSON CITY BANCORP INC,HUDSON CITY BANCORP INC,2009-12-31,2010-02-28,2,1,stock berfore 2010_new___.csv | stock between 2010_2014_new___.csv
HET,HARRAHS ENTERTAINMENT INC,HARRAHS ENTERTAINMENT INC,2006-02-28,2006-06-30,2,1,stock berfore 2010_new___.csv
HIBB,HIBBETT SPORTS INC,HIBBETT SPORTS INC,2020-09-30,2020-12-31,2,1,stock between 2020_2026_new___.csv
HOLX,HOLOGIC INC,HOLOGIC INC,2016-03-31,2016-04-30,2,1,stock between 2015_2019_new___.csv
HSP,HOSPIRA INC,HOSPIRA INC,2008-06-30,2009-12-31,2,2,stock berfore 2010_new___.csv
HTZ,HERTZ GLOBAL HOLDINGS INC,HERTZ GLOBAL HOLDINGS INC,2013-03-31,2013-06-30,2,1,stock between 2010_2014_new___.csv
HZNP,HORIZON PHARMA INC,HORIZON PHARMA INC | HORIZON THERAPEUTICS PLC,2020-03-31,2020-06-30,2,1,stock between 2020_2026_new___.csv
IAB,Inter Amern Dev Bk Gbl Entry,Inter Amern Dev Bk Gbl Entry,2003-03-31,2003-04-30,2,2,stock berfore 2010_new___.csv
IEX,IDEX CORP,IDEX CORP,2006-08-31,2025-03-31,2,2,stock berfore 2010_new___.csv | stock between 2020_2026_new___.csv
IPG,INTERPUBLIC GROUP COS INC,INTERPUBLIC GROUP COS INC,2003-05-31,2003-09-30,2,1,stock berfore 2010_new___.csv
ITU,BANCO ITAU S A,BANCO ITAU S A,2008-03-31,2008-06-30,2,1,stock berfore 2010_new___.csv
JAZZ,JAZZ PHARMACEUTICALS PLC,JAZZ PHARMACEUTICALS PLC,2017-03-31,2018-06-30,2,2,stock between 2015_2019_new___.csv
JCP,PENNEY J C CO INC,PENNEY J C CO INC,2005-03-31,2009-06-30,2,2,stock berfore 2010_new___.csv
JKHY,HENRY JACK & ASSOC INC,HENRY JACK & ASSOC INC,2015-12-31,2016-03-31,2,1,stock between 2015_2019_new___.csv
JPJQL,JPMORGAN CHASE & CO DR,JPMORGAN CHASE & CO DR,2022-06-30,2022-09-30,2,1,stock between 2020_2026_new___.csv
L,LIBERTY MEDIA CORP NEW,LIBERTY MEDIA CORP NEW,2003-06-30,2004-12-31,2,2,stock berfore 2010_new___.csv
LCAPA,LIBERTY MEDIA CORP NEW,LIBERTY MEDIA CORP NEW,2007-12-31,2008-03-31,2,1,stock berfore 2010_new___.csv
LFL,LAN AIRLINES S A,LAN AIRLINES S A,2010-10-31,2010-11-30,2,1,stock between 2010_2014_new___.csv
LKQX,L K Q CORP,L K Q CORP,2009-05-31,2009-08-31,2,1,stock berfore 2010_new___.csv
LOPE,GRAND CANYON EDUCATION INC,GRAND CANYON EDUCATION INC,2010-09-30,2011-06-30,2,1,stock between 2010_2014_new___.csv
LYO,LYONDELL CHEMICAL CO,LYONDELL CHEMICAL CO,2006-09-30,2006-10-31,2,1,stock berfore 2010_new___.csv
MDR,MCDERMOTT INTERNATIONAL INC,MCDERMOTT INTERNATIONAL INC,2003-12-31,2008-03-31,2,2,stock berfore 2010_new___.csv
MKS,MARKS AND SPENCER GROUP PLC ORD,MARKS AND SPENCER GROUP PLC ORD,2010-09-30,2010-10-31,2,1,stock between 2010_2014_new___.csv
MPWR,MONOLITHIC PWR SYS INC,MONOLITHIC PWR SYS INC,2018-12-31,2019-03-31,2,1,stock between 2015_2019_new___.csv
MSCC,MICROSEMI CORP,MICROSEMI CORP,2005-08-31,2016-11-30,2,2,stock berfore 2010_new___.csv | stock between 2015_2019_new___.csv
NBR,NABORS INDUSTRIES LTD,NABORS INDUSTRIES LTD,2006-06-30,2008-03-31,2,2,stock berfore 2010_new___.csv
NDAQ,NASDAQ INC,NASDAQ INC,2025-06-30,2025-09-30,2,1,stock between 2020_2026_new___.csv
NFB,NORTH FORK BANCORPORATION NY INC,NORTH FORK BANCORPORATION NY INC,2006-09-30,2006-10-31,2,1,stock berfore 2010_new___.csv
NLSN,NIELSEN HLDG ORD,NIELSEN HLDG ORD,2011-03-31,2014-12-31,2,2,stock between 2010_2014_new___.csv
NRP,NATURAL RESOURCE PARTNERS L P,NATURAL RESOURCE PARTNERS L P,2009-08-31,2009-08-31,2,2,stock berfore 2010_new___.csv
NTAP,NETAPP INC,NETAPP INC,2013-08-31,2014-09-30,2,1,stock between 2010_2014_new___.csv
NYX,N Y S E EURONEXT,N Y S E EURONEXT,2011-03-31,2011-03-31,2,2,stock between 2010_2014_new___.csv
OI,O I GLASS INC,OWENS ILL INC | O I GLASS INC,2007-12-31,2022-06-30,2,2,stock berfore 2010_new___.csv | stock between 2020_2026_new___.csv
ORI,OLD REPUBLIC INTERNATIONAL CORP,OLD REPUBLIC INTERNATIONAL CORP,2006-09-30,2006-10-31,2,1,stock berfore 2010_new___.csv
OTRKB,OSHKOSH TRUCK CORP,OSHKOSH TRUCK CORP,2006-02-28,2006-08-31,2,1,stock berfore 2010_new___.csv
PAYX,PAYCHEX INC,PAYCHEX INC,2011-12-31,2016-02-29,2,2,stock between 2010_2014_new___.csv | stock between 2015_2019_new___.csv
PFGC,PERFORMANCE FOOD GROUP CO,PERFORMANCE FOOD GROUP CO,2022-06-30,2022-12-31,2,1,stock between 2020_2026_new___.csv
PFSI,PENNYMAC FINANCIAL SVCS INC NEW,PENNYMAC FINANCIAL SVCS INC NEW,2020-03-31,2020-06-30,2,1,stock between 2020_2026_new___.csv
PLT,PLANTRONICS INC NEW,PLANTRONICS INC NEW,2016-09-30,2016-12-31,2,1,stock between 2015_2019_new___.csv
POSS,POSSIS MEDICAL INC,POSSIS MEDICAL INC,2003-03-31,2003-09-30,2,1,stock berfore 2010_new___.csv
PRY,PRYSMIAN SPA ORD,PRYSMIAN SPA ORD,2025-07-31,2025-08-31,2,1,stock between 2020_2026_new___.csv
PSA,PUBLIC STORAGE,PUBLIC STORAGE,2020-12-31,2021-01-31,2,1,stock between 2020_2026_new___.csv
PTV,PACTIV CORP,PACTIV CORP,2003-09-30,2003-12-31,2,1,stock berfore 2010_new___.csv
PVH,P V H CORP,P V H CORP,2013-06-30,2016-06-30,2,1,stock between 2010_2014_new___.csv | stock between 2015_2019_new___.csv
RAX,RACKSPACE HOSTING INC,RACKSPACE HOSTING INC,2010-09-30,2010-12-31,2,1,stock between 2010_2014_new___.csv
RBK,REEBOK INTERNATIONAL LTD,REEBOK INTERNATIONAL LTD,2004-12-31,2005-06-30,2,1,stock berfore 2010_new___.csv
RENA,RENAULT SA ORD,RENAULT SA ORD,2013-05-31,2013-08-31,2,1,stock between 2010_2014_new___.csv
RGR,STURM RUGER & CO INC,STURM RUGER & CO INC,2012-03-31,2012-04-30,2,1,stock between 2010_2014_new___.csv
RKT,RECKITT BENCKISER GROUP PLC ORD,ROCK TENN CO | RECKITT BENCKISER GROUP PLC ORD,2013-03-31,2023-03-31,2,2,stock between 2010_2014_new___.csv | stock between 2020_2026_new___.csv
RTP,RIO TINTO PLC,RIO TINTO PLC,2007-12-31,2008-03-31,2,1,stock berfore 2010_new___.csv
RY,ROYAL BANK CANADA MONTREAL QUE,ROYAL BANK CANADA MONTREAL QUE,2009-07-31,2024-12-31,2,2,stock berfore 2010_new___.csv | stock between 2020_2026_new___.csv
SAPG,SAP AG ORD,SAP AG ORD,2019-06-30,2019-07-31,2,1,stock between 2015_2019_new___.csv
SEM,SELECT MEDICAL HOLDINGS CORP,SELECT MEDICAL HOLDINGS CORP,2021-06-30,2021-09-30,2,1,stock between 2020_2026_new___.csv
SEPR,SEPRACOR INC,SEPRACOR INC,2008-10-31,2009-01-31,2,1,stock berfore 2010_new___.csv
SHPGY,SHIRE PHARMACEUTICALS GROUP PLC,SHIRE PHARMACEUTICALS GROUP PLC,2006-03-31,2009-12-31,2,2,stock berfore 2010_new___.csv
SHW,SHERWIN WILLIAMS CO,SHERWIN WILLIAMS CO,2005-03-31,2019-09-30,2,2,stock berfore 2010_new___.csv | stock between 2015_2019_new___.csv
SIEGN,SIEMENS AG ORD,SIEMENS AG ORD,2010-06-30,2010-12-31,2,1,stock between 2010_2014_new___.csv
SLG,S L GREEN REALTY CORP,S L GREEN REALTY CORP,2007-06-30,2009-08-31,2,2,stock berfore 2010_new___.csv
SSL,SASOL LTD,SASOL LTD,2008-03-31,2008-07-31,2,1,stock berfore 2010_new___.csv
SSNHY,Samsung Electronics Co Limited,Samsung Electronics Co Limited,2009-07-31,2010-01-31,2,1,stock berfore 2010_new___.csv | stock between 2010_2014_new___.csv
STMP,STAMPS COM INC,STAMPS COM INC,2020-06-30,2020-09-30,2,1,stock between 2020_2026_new___.csv
STWD,STARWOOD PROPERTY TRUST INC,STARWOOD PROPERTY TRUST INC,2014-01-31,2015-09-30,2,1,stock between 2010_2014_new___.csv | stock between 2015_2019_new___.csv
SUZ,SUZANO S A,SUZANO S A,2003-08-31,2004-02-29,2,1,stock berfore 2010_new___.csv
SVU,SUPERVALU INC,SUPERVALU INC | SUPERVALU INC ORD,2009-12-31,2010-12-31,2,1,stock berfore 2010_new___.csv | stock between 2010_2014_new___.csv
SXT,SENSIENT TECHNOLOGIES CORP,SENSIENT TECHNOLOGIES CORP,2010-11-30,2010-12-31,2,1,stock between 2010_2014_new___.csv
TATE,TATE & LYLE PLC ORD,TATE & LYLE PLC ORD,2010-11-30,2011-02-28,2,1,stock between 2010_2014_new___.csv
TCEHY,TENCENT HOLDINGS LTD DR,TENCENT HOLDINGS LTD DR,2017-12-31,2025-10-31,2,2,stock between 2015_2019_new___.csv | stock between 2020_2026_new___.csv
TDW,TIDEWATER INC,TIDEWATER INC,2013-03-31,2013-06-30,2,1,stock between 2010_2014_new___.csv
TER,TERADYNE INC,TERADYNE INC,2018-02-28,2020-06-30,2,2,stock between 2015_2019_new___.csv | stock between 2020_2026_new___.csv
TGI,TRIUMPH GROUP INC NEW,TRIUMPH GROUP INC NEW,2009-12-31,2012-02-29,2,1,stock berfore 2010_new___.csv | stock between 2010_2014_new___.csv
TIF,TIFFANY & CO NEW,TIFFANY & CO NEW,2011-09-30,2018-09-30,2,1,stock between 2010_2014_new___.csv | stock between 2015_2019_new___.csv
TOA,Technical Olympic USA Inc,Technical Olympic USA Inc,2003-11-30,2004-05-31,2,1,stock berfore 2010_new___.csv
TRB,TRIBUNE COMPANY NEW,TRIBUNE COMPANY NEW,2002-12-31,2003-12-31,2,1,stock berfore 2010_new___.csv
TRI,TRIAD HOSPITALS INC,TRIAD HOSPITALS INC,2005-06-30,2005-09-30,2,1,stock berfore 2010_new___.csv
TRW,T R W AUTOMOTIVE HOLDINGS CORP,T R W AUTOMOTIVE HOLDINGS CORP,2011-06-30,2011-06-30,2,2,stock between 2010_2014_new___.csv
UGI,U G I CORP NEW,U G I CORP NEW,2013-03-31,2013-06-30,2,1,stock between 2010_2014_new___.csv
USG,U S G CORP,U S G CORP,2015-08-31,2015-12-31,2,1,stock between 2015_2019_new___.csv
VALEP,VALE S A,VALE S A,2016-06-30,2016-12-31,2,1,stock between 2015_2019_new___.csv
VICI,VICI PROPERTIES INC,VICI PROPERTIES INC,2021-12-31,2022-06-30,2,1,stock between 2020_2026_new___.csv
VRSN,VERISIGN INC,VERISIGN INC,2018-03-31,2018-06-30,2,1,stock between 2015_2019_new___.csv
WBST,WEBSTER FINANCIAL CORP,WEBSTER FINANCIAL CORP,2010-03-31,2010-04-30,2,1,stock between 2010_2014_new___.csv
WFMI,WHOLE FOODS MARKET INC,WHOLE FOODS MARKET INC,2005-12-31,2011-03-31,2,2,stock berfore 2010_new___.csv | stock between 2010_2014_new___.csv
WPPGY,W P P GROUP PLC,W P P GROUP PLC,2006-03-31,2006-06-30,2,1,stock berfore 2010_new___.csv
WWAV,WHITEWAVE FOODS CO,WHITEWAVE FOODS CO,2016-06-30,2016-07-31,2,1,stock between 2015_2019_new___.csv
XMSR,X M SATELLITE RADIO HLDGS INC,X M SATELLITE RADIO HLDGS INC,2005-12-31,2006-06-30,2,1,stock berfore 2010_new___.csv
ZURN,ZURICH INSURANCE GROUP AG ORD,ZURICH INSURANCE GROUP AG ORD,2016-03-31,2016-06-30,2,1,stock between 2015_2019_new___.csv
ABK,AMBAC FINANCIAL GROUP INC,AMBAC FINANCIAL GROUP INC,2004-03-31,2004-03-31,1,1,stock berfore 2010_new___.csv
AC,ALLIANCE CAPITAL MGMT HLDG L P,ALLIANCE CAPITAL MGMT HLDG L P,2003-05-31,2003-05-31,1,1,stock berfore 2010_new___.csv
ACGL,ARCH CAPITAL GROUP LTD NEW,ARCH CAPITAL GROUP LTD NEW,2009-03-31,2009-03-31,1,1,stock berfore 2010_new___.csv
ACI,ARCH COAL INC,ARCH COAL INC,2008-06-30,2008-06-30,1,1,stock berfore 2010_new___.csv
ADEN,ADECCO SA ORD,ADECCO SA ORD,2023-07-31,2023-07-31,1,1,stock between 2020_2026_new___.csv
AEV,AEGON N V,AEGON N V,2009-03-31,2009-03-31,1,1,stock berfore 2010_new___.csv
AGU,AGRIUM INC,AGRIUM INC,2013-06-30,2013-06-30,1,1,stock between 2010_2014_new___.csv
AHC,AMERADA HESS CORP,AMERADA HESS CORP,2005-12-31,2005-12-31,1,1,stock berfore 2010_new___.csv
ALEX,ALEXANDER & BALDWIN INC,ALEXANDER & BALDWIN INC,2011-03-31,2011-03-31,1,1,stock between 2010_2014_new___.csv
AMG,AFFILIATED MANAGERS GROUP INC,AFFILIATED MANAGERS GROUP INC,2013-12-31,2013-12-31,1,1,stock between 2010_2014_new___.csv
AMH,AMERUS GROUP CO,AMERUS GROUP CO,2006-06-30,2006-06-30,1,1,stock berfore 2010_new___.csv
AMJB,JPMORGAN CHASE FINANCIAL CO LLC,JPMORGAN CHASE FINANCIAL CO LLC,2024-07-31,2024-07-31,1,1,stock between 2020_2026_new___.csv
AMN,A M N HEALTHCARE SERVICES INC,A M N HEALTHCARE SERVICES INC,2022-06-30,2022-06-30,1,1,stock between 2020_2026_new___.csv
ANF,ABERCROMBIE & FITCH CO,ABERCROMBIE & FITCH CO,2002-10-31,2002-10-31,1,1,stock berfore 2010_new___.csv
ANSS,ANSYS INC,ANSYS INC,2017-09-30,2017-09-30,1,1,stock between 2015_2019_new___.csv
APO,APOLLO GLOBAL MANAGEMENT INC NEW,APOLLO GLOBAL MANAGEMENT INC NEW,2024-12-31,2024-12-31,1,1,stock between 2020_2026_new___.csv
ARC,ARC DOCUMENT SOLUTIONS INC ORD,ARC DOCUMENT SOLUTIONS INC ORD,2012-12-31,2012-12-31,1,1,stock between 2010_2014_new___.csv
ATMI,ATMI INC,ATMI INC,2012-09-30,2012-09-30,1,1,stock between 2010_2014_new___.csv
ATPG,A T P OIL & GAS CORP,A T P OIL & GAS CORP,2010-12-31,2010-12-31,1,1,stock between 2010_2014_new___.csv
ATYT,A T I TECHNOLOGIES INC,A T I TECHNOLOGIES INC,2005-09-30,2005-09-30,1,1,stock berfore 2010_new___.csv
AXE,ANIXTER INTERNATIONAL INC,ANIXTER INTERNATIONAL INC,2006-08-31,2006-08-31,1,1,stock berfore 2010_new___.csv
AYI,ACUITY BRANDS INC,ACUITY BRANDS INC,2017-07-31,2017-07-31,1,1,stock between 2015_2019_new___.csv
BACPS,Bank of America Corporation,Bank of America Corporation,2009-12-31,2009-12-31,1,1,stock berfore 2010_new___.csv
BAM,BROOKFIELD ASSET MANAGEMENT IN,BROOKFIELD ASSET MANAGEMENT IN,2009-12-31,2009-12-31,1,1,stock berfore 2010_new___.csv
BB,BLACKBERRY LTD ORD,BLACKBERRY LTD ORD,2010-07-31,2010-07-31,1,1,stock between 2010_2014_new___.csv
BCS,BARCLAYS BANK PLC,BARCLAYS BANK PLC,2009-03-31,2009-03-31,1,1,stock berfore 2010_new___.csv
BEAS,B E A SYSTEMS INC,B E A SYSTEMS INC,2007-09-30,2007-09-30,1,1,stock berfore 2010_new___.csv
BN,BROOKFIELD CORP,BROOKFIELD CORP,2023-12-31,2023-12-31,1,1,stock between 2020_2026_new___.csv
CACC,CREDIT ACCEPTANCE CORP,CREDIT ACCEPTANCE CORP,2014-03-31,2014-03-31,1,1,stock between 2010_2014_new___.csv
CACI,CACI INTERNATIONAL INC,CACI INTERNATIONAL INC,2023-06-30,2023-06-30,1,1,stock between 2020_2026_new___.csv
CBD,COMPANHIA BRASILEIRA DE DIST,COMPANHIA BRASILEIRA DE DIST,2019-03-31,2019-03-31,1,1,stock between 2015_2019_new___.csv
CBSH,COMMERCE BANCSHARES INC,COMMERCE BANCSHARES INC,2006-06-30,2006-06-30,1,1,stock berfore 2010_new___.csv
CCJ,CAMECO CORP,CAMECO CORP,2006-09-30,2006-09-30,1,1,stock berfore 2010_new___.csv
CCU,CLEAR CHANNEL COMMUNICATIONS INC,CLEAR CHANNEL COMMUNICATIONS INC,2002-12-31,2002-12-31,1,1,stock berfore 2010_new___.csv
CDNS,CADENCE DESIGN SYSTEMS INC,CADENCE DESIGN SYSTEMS INC,2020-06-30,2020-06-30,1,1,stock between 2020_2026_new___.csv
CEPH,CEPHALON INC,CEPHALON INC,2006-02-28,2006-02-28,1,1,stock berfore 2010_new___.csv
CHE,CHEMED CORP NEW,CHEMED CORP NEW,2006-08-31,2006-08-31,1,1,stock berfore 2010_new___.csv
CHRW,CH ROBINSON WORLDWIDE INC,CH ROBINSON WORLDWIDE INC,2019-09-30,2019-09-30,1,1,stock between 2015_2019_new___.csv
CHTT,CHATTEM INC,CHATTEM INC,2009-09-30,2009-09-30,1,1,stock berfore 2010_new___.csv
CLI,MACK CALI REALTY CORP,MACK CALI REALTY CORP,2006-06-30,2006-06-30,1,1,stock berfore 2010_new___.csv
CLNY,COLONY FINANCIAL INC,COLONY FINANCIAL INC,2014-06-30,2014-06-30,1,1,stock between 2010_2014_new___.csv
CNH,C N H GLOBAL N V,C N H GLOBAL N V,2007-12-31,2007-12-31,1,1,stock berfore 2010_new___.csv
CPA,COPA HOLDINGS SA,COPA HOLDINGS SA,2017-06-30,2017-06-30,1,1,stock between 2015_2019_new___.csv
CPS,CHOICEPOINT INC,CHOICEPOINT INC,2008-01-31,2008-01-31,1,1,stock berfore 2010_new___.csv
CRI,CARTERS INC,CARTERS INC,2010-09-30,2010-09-30,1,1,stock between 2010_2014_new___.csv
CRUS,CIRRUS LOGIC INC,CIRRUS LOGIC INC,2010-09-30,2010-09-30,1,1,stock between 2010_2014_new___.csv
CSA,VICTORY PORTFOLIOS II,VICTORY PORTFOLIOS II,2016-01-31,2016-01-31,1,1,stock between 2015_2019_new___.csv
CSTE,CAESARSTONE SDOT YAM LTD,CAESARSTONE SDOT YAM LTD,2014-09-30,2014-09-30,1,1,stock between 2010_2014_new___.csv
CSU,CONSTELLATION SOFTWARE INC ORD,CONSTELLATION SOFTWARE INC ORD,2019-06-30,2019-06-30,1,1,stock between 2015_2019_new___.csv
CYH,COMMUNITY HEALTH SYS INC NEW,COMMUNITY HEALTH SYS INC NEW,2015-08-31,2015-08-31,1,1,stock between 2015_2019_new___.csv
DATA,TABLEAU SOFTWARE INC,TABLEAU SOFTWARE INC,2015-06-30,2015-06-30,1,1,stock between 2015_2019_new___.csv
DECK,DECKERS OUTDOOR CORP,DECKERS OUTDOOR CORP,2020-12-31,2020-12-31,1,1,stock between 2020_2026_new___.csv
DPZ,DOMINOS PIZZA INC,DOMINOS PIZZA INC,2024-03-31,2024-03-31,1,1,stock between 2020_2026_new___.csv
DRYS,DRYSHIPS INC,DRYSHIPS INC,2010-09-30,2010-09-30,1,1,stock between 2010_2014_new___.csv
DVAL,BRANDYWINEGLOBAL - DYNAMIC US LARGE CAP VALUE;IS,BRANDYWINEGLOBAL - DYNAMIC US LARGE CAP VALUE;IS,2022-09-30,2022-09-30,1,1,stock between 2020_2026_new___.csv
EBIX,EBIX INC,EBIX INC,2021-01-31,2021-01-31,1,1,stock between 2020_2026_new___.csv
EFX,EQUIFAX INC,EQUIFAX INC,2015-04-30,2015-04-30,1,1,stock between 2015_2019_new___.csv
EGN,ENERGEN CORP,ENERGEN CORP,2008-03-31,2008-03-31,1,1,stock berfore 2010_new___.csv
ELK,ELKCORP,ELKCORP,2003-03-31,2003-03-31,1,1,stock berfore 2010_new___.csv
ELN,ELAN PLC,ELAN PLC,2008-04-30,2008-04-30,1,1,stock berfore 2010_new___.csv
ENR,ENERGIZER HOLDINGS INC,ENERGIZER HOLDINGS INC,2014-09-30,2014-09-30,1,1,stock between 2010_2014_new___.csv
ETFC,E TRADE FINANCIAL CORP,E TRADE FINANCIAL CORP,2006-02-28,2006-02-28,1,1,stock berfore 2010_new___.csv
FANG,DIAMONDBACK ENERGY INC,DIAMONDBACK ENERGY INC,2021-09-30,2021-09-30,1,1,stock between 2020_2026_new___.csv
FBF,FLEETBOSTON FINANCIAL CORP,FLEETBOSTON FINANCIAL CORP,2003-06-30,2003-06-30,1,1,stock berfore 2010_new___.csv
FBHS,FORTUNE BRANDS HOME & SECUR INC,FORTUNE BRANDS HOME & SECUR INC,2019-06-30,2019-06-30,1,1,stock between 2015_2019_new___.csv
FO,FORTUNE BRANDS INC,FORTUNE BRANDS INC,2003-10-31,2003-10-31,1,1,stock berfore 2010_new___.csv
FRME,FIRST MERCHANTS CORP,FIRST MERCHANTS CORP,2008-12-31,2008-12-31,1,1,stock berfore 2010_new___.csv
FSLR,FIRST SOLAR INC,FIRST SOLAR INC,2008-03-31,2008-03-31,1,1,stock berfore 2010_new___.csv
FST,Forest Oil Corp,Forest Oil Corp,2003-04-30,2003-04-30,1,1,stock berfore 2010_new___.csv
FTO,FRONTIER OIL CORP,FRONTIER OIL CORP,2011-03-31,2011-03-31,1,1,stock between 2010_2014_new___.csv
FTR,FRONTIER COMMUNICATIONS CORP,FRONTIER COMMUNICATIONS CORP,2008-03-31,2008-03-31,1,1,stock berfore 2010_new___.csv
GEV,G E VERNOVA INC,G E VERNOVA INC,2025-06-30,2025-06-30,1,1,stock between 2020_2026_new___.csv
GGB,GERDAU S A,GERDAU S A,2020-12-31,2020-12-31,1,1,stock between 2020_2026_new___.csv
GLT,GLATFELTER P H CO,GLATFELTER P H CO,2013-09-30,2013-09-30,1,1,stock between 2010_2014_new___.csv
GME,GAMESTOP CORP NEW,GAMESTOP CORP NEW,2007-12-31,2007-12-31,1,1,stock berfore 2010_new___.csv
GMT,G A T X CORP,G A T X CORP,2006-06-30,2006-06-30,1,1,stock berfore 2010_new___.csv
GNA,GERDAU AMERISTEEL CORP,GERDAU AMERISTEEL CORP,2007-12-31,2007-12-31,1,1,stock berfore 2010_new___.csv
GP,GEORGIA PACIFIC CORP,GEORGIA PACIFIC CORP,2003-06-30,2003-06-30,1,1,stock berfore 2010_new___.csv
GPI,GROUP 1 AUTOMOTIVE INC,GROUP 1 AUTOMOTIVE INC,2020-12-31,2020-12-31,1,1,stock between 2020_2026_new___.csv
HAR,HARMAN INTL INDS INC NEW,HARMAN INTL INDS INC NEW,2014-03-31,2014-03-31,1,1,stock between 2010_2014_new___.csv
HARP,HARPOON THERAPEUTICS INC,HARPOON THERAPEUTICS INC,2003-11-30,2003-11-30,1,1,stock berfore 2010_new___.csv
HBHC,HANCOCK HOLDING CO,HANCOCK HOLDING CO,2008-06-30,2008-06-30,1,1,stock berfore 2010_new___.csv
HBI,HANESBRANDS INC,HANESBRANDS INC,2013-12-31,2013-12-31,1,1,stock between 2010_2014_new___.csv
HFC,HOLLYFRONTIER CORP,HOLLYFRONTIER CORP,2012-12-31,2012-12-31,1,1,stock between 2010_2014_new___.csv
HI,HOUSEHOLD INTERNATIONAL INC,HOUSEHOLD INTERNATIONAL INC,2002-10-31,2002-10-31,1,1,stock berfore 2010_new___.csv
HII,HUNTINGTON INGALLS INDS INC,HUNTINGTON INGALLS INDS INC,2025-08-31,2025-08-31,1,1,stock between 2020_2026_new___.csv
HNKG,HENKEL AG & CO. KGAA ORD,HENKEL AG & CO. KGAA ORD,2015-01-31,2015-01-31,1,1,stock between 2015_2019_new___.csv
HRS,HARRIS CORP,HARRIS CORP,2008-12-31,2008-12-31,1,1,stock berfore 2010_new___.csv
HSBA,HSBC HOLDINGS PLC ORD,HSBC HOLDINGS PLC ORD,2011-09-30,2011-09-30,1,1,stock between 2010_2014_new___.csv
HSBC,H S B C HOLDINGS PLC,H S B C HOLDINGS PLC,2014-12-31,2014-12-31,1,1,stock between 2010_2014_new___.csv
IBE,IBERDROLA SA ORD,IBERDROLA SA ORD,2023-03-31,2023-03-31,1,1,stock between 2020_2026_new___.csv
IFLO,VICTORY PORTFOLIOS II,VICTORY PORTFOLIOS II,2025-09-30,2025-09-30,1,1,stock between 2020_2026_new___.csv
IFX,INFINEON TECHNOLOGIES A G,INFINEON TECHNOLOGIES A G,2006-09-30,2006-09-30,1,1,stock berfore 2010_new___.csv
IHS,I H S INC,I H S INC,2009-05-31,2009-05-31,1,1,stock berfore 2010_new___.csv
ILMN,ILLUMINA INC,ILLUMINA INC,2023-05-31,2023-05-31,1,1,stock between 2020_2026_new___.csv
INCY,INCYTE CORP,INCYTE CORP,2015-09-30,2015-09-30,1,1,stock between 2015_2019_new___.csv
ITC,I T C HOLDINGS CORP,I T C HOLDINGS CORP,2011-06-30,2011-06-30,1,1,stock between 2010_2014_new___.csv
ITV,ITV PLC ORD,ITV PLC ORD,2017-09-30,2017-09-30,1,1,stock between 2015_2019_new___.csv
IVGN,INVITROGEN CORP,INVITROGEN CORP,2004-06-30,2004-06-30,1,1,stock berfore 2010_new___.csv
IVX,IVAX CORP,IVAX CORP,2004-10-31,2004-10-31,1,1,stock berfore 2010_new___.csv
JP,JEFFERSON PILOT CORP,JEFFERSON PILOT CORP,2003-09-30,2003-09-30,1,1,stock berfore 2010_new___.csv
JW,WILEY JOHN & SONS INC,WILEY JOHN & SONS INC,2009-03-31,2009-03-31,1,1,stock berfore 2010_new___.csv
KBH,K B HOME,K B HOME,2020-06-30,2020-06-30,1,1,stock between 2020_2026_new___.csv
KDP,KEURIG DR PEPPER INC,KEURIG DR PEPPER INC,2025-03-31,2025-03-31,1,1,stock between 2020_2026_new___.csv
KKR,K K R & CO INC,K K R & CO INC,2023-09-30,2023-09-30,1,1,stock between 2020_2026_new___.csv
LBTYA,LIBERTY GLOBAL INC,LIBERTY GLOBAL INC,2009-06-30,2009-06-30,1,1,stock berfore 2010_new___.csv
LM,LEGG MASON INC,LEGG MASON INC,2005-12-31,2005-12-31,1,1,stock berfore 2010_new___.csv
LNT,ALLIANT ENERGY CORP,ALLIANT ENERGY CORP,2006-09-30,2006-09-30,1,1,stock berfore 2010_new___.csv
LPX,LOUISIANA PACIFIC CORP,LOUISIANA PACIFIC CORP,2006-06-30,2006-06-30,1,1,stock berfore 2010_new___.csv
LULU,LULULEMON ATHLETICA INC,LULULEMON ATHLETICA INC,2012-01-31,2012-01-31,1,1,stock between 2010_2014_new___.csv
MAA,MID AMERICA APT COMMUNITIES INC,MID AMERICA APT COMMUNITIES INC,2019-10-31,2019-10-31,1,1,stock between 2015_2019_new___.csv
MANH,MANHATTAN ASSOCIATES INC,MANHATTAN ASSOCIATES INC,2014-01-31,2014-01-31,1,1,stock between 2010_2014_new___.csv
MBT,MOBILE TELESYSTEMS OJSC,MOBILE TELESYSTEMS OJSC,2007-12-31,2007-12-31,1,1,stock berfore 2010_new___.csv
MCBP,Morgan Stanley,Morgan Stanley,2008-12-31,2008-12-31,1,1,stock berfore 2010_new___.csv
MDC,M D C HOLDINGS INC,M D C HOLDINGS INC,2019-12-31,2019-12-31,1,1,stock between 2015_2019_new___.csv
MDP,MEREDITH CORP,MEREDITH CORP,2006-08-31,2006-08-31,1,1,stock berfore 2010_new___.csv
MHX,MERISTAR HOSPITALITY CORP,MERISTAR HOSPITALITY CORP,2003-10-31,2003-10-31,1,1,stock berfore 2010_new___.csv
MIK,MICHAELS COMPANIES INC,MICHAELS COMPANIES INC,2020-12-31,2020-12-31,1,1,stock between 2020_2026_new___.csv
MRC,M R C GLOBAL INC,M R C GLOBAL INC,2013-12-31,2013-12-31,1,1,stock between 2010_2014_new___.csv
MRR,MID ATLANTIC REALTY TRUST,MID ATLANTIC REALTY TRUST,2003-06-30,2003-06-30,1,1,stock berfore 2010_new___.csv
MRX,MEDICIS PHARMACEUTICAL CORP,MEDICIS PHARMACEUTICAL CORP,2004-09-30,2004-09-30,1,1,stock berfore 2010_new___.csv
MSTR,MICROSTRATEGY INC,MICROSTRATEGY INC,2024-05-31,2024-05-31,1,1,stock between 2020_2026_new___.csv
MT,ARCELORMITTAL S A LUXEMBOURG,ARCELORMITTAL S A LUXEMBOURG,2020-12-31,2020-12-31,1,1,stock between 2020_2026_new___.csv
MTSC,M T S SYSTEMS CORP,M T S SYSTEMS CORP,2012-09-30,2012-09-30,1,1,stock between 2010_2014_new___.csv
MUS,US DOLLAR,US DOLLAR,2016-02-29,2016-02-29,1,1,stock between 2015_2019_new___.csv
MUVGN,MUENCHENER RUECKVERSICHERUNGS GESELLSCHAFT AG IN MUENCHEN ORD,MUENCHENER RUECKVERSICHERUNGS GESELLSCHAFT AG IN MUENCHEN ORD,2021-12-31,2021-12-31,1,1,stock between 2020_2026_new___.csv
MVSN,MACROVISION SOLUTIONS CORP,MACROVISION SOLUTIONS CORP,2008-09-30,2008-09-30,1,1,stock berfore 2010_new___.csv
MWV,MEADWESTVACO CORP,MEADWESTVACO CORP,2011-06-30,2011-06-30,1,1,stock between 2010_2014_new___.csv
NATI,NATIONAL INSTRUMENTS CORP,NATIONAL INSTRUMENTS CORP,2011-03-31,2011-03-31,1,1,stock between 2010_2014_new___.csv
NSM,NATIONAL SEMICONDUCTOR CORP,NATIONAL SEMICONDUCTOR CORP,2003-11-30,2003-11-30,1,1,stock berfore 2010_new___.csv
NTDOY,Nintendo Limited,Nintendo Limited,2006-09-30,2006-09-30,1,1,stock berfore 2010_new___.csv
NTES,NETEASE INC,NETEASE INC,2020-03-31,2020-03-31,1,1,stock between 2020_2026_new___.csv
NTRI,NUTRISYSTEM INC,NUTRISYSTEM INC,2009-10-31,2009-10-31,1,1,stock berfore 2010_new___.csv
NU,NORTHEAST UTILITIES,NORTHEAST UTILITIES,2010-08-31,2010-08-31,1,1,stock between 2010_2014_new___.csv
NUAN,NUANCE COMMUNICATIONS INC,NUANCE COMMUNICATIONS INC,2011-12-31,2011-12-31,1,1,stock between 2010_2014_new___.csv
NVR,N V R INC,N V R INC,2013-03-31,2013-03-31,1,1,stock between 2010_2014_new___.csv
NVT,NVENT ELECTRIC PLC,NVENT ELECTRIC PLC,2024-01-31,2024-01-31,1,1,stock between 2020_2026_new___.csv
OHP,OXFORD HEALTH PLANS INC,OXFORD HEALTH PLANS INC,2004-06-30,2004-06-30,1,1,stock berfore 2010_new___.csv
OIS,OIL STATES INTERNATIONAL INC,OIL STATES INTERNATIONAL INC,2013-03-31,2013-03-31,1,1,stock between 2010_2014_new___.csv
OTIS,OTIS WORLDWIDE CORP,OTIS WORLDWIDE CORP,2021-09-30,2021-09-30,1,1,stock between 2020_2026_new___.csv
OZRK,BANK OF THE OZARKS INC,BANK OF THE OZARKS INC,2008-09-30,2008-09-30,1,1,stock berfore 2010_new___.csv
PBG,PEPSI BOTTLING GROUP INC,PEPSI BOTTLING GROUP INC,2008-02-29,2008-02-29,1,1,stock berfore 2010_new___.csv
PDCE,P D C ENERGY INC,P D C ENERGY INC,2022-03-31,2022-03-31,1,1,stock between 2020_2026_new___.csv
PDCO,PATTERSON COMPANIES INC,PATTERSON COMPANIES INC,2005-06-30,2005-06-30,1,1,stock berfore 2010_new___.csv
PFA,PRUDENTIAL FINANCIAL INC,PRUDENTIAL FINANCIAL INC,2003-10-31,2003-10-31,1,1,stock berfore 2010_new___.csv
PKG,PACKAGING CORP AMERICA,PACKAGING CORP AMERICA,2025-09-30,2025-09-30,1,1,stock between 2020_2026_new___.csv
PPDI,PHARMACEUTICAL PRODUCT DEV INC,PHARMACEUTICAL PRODUCT DEV INC,2008-06-30,2008-06-30,1,1,stock berfore 2010_new___.csv
PRGO,PERRIGO CO PLC,PERRIGO CO PLC,2016-03-31,2016-03-31,1,1,stock between 2015_2019_new___.csv
PSCDQ,Philip Services Corporation,Philip Services Corporation,2003-03-31,2003-03-31,1,1,stock berfore 2010_new___.csv
PSMT,PRICESMART INC,PRICESMART INC,2018-06-30,2018-06-30,1,1,stock between 2015_2019_new___.csv
PTEN,PATTERSON U T I ENERGY INC,PATTERSON U T I ENERGY INC,2003-06-30,2003-06-30,1,1,stock berfore 2010_new___.csv
QCOR,QUESTCOR PHARMACEUTICALS INC,QUESTCOR PHARMACEUTICALS INC,2014-06-30,2014-06-30,1,1,stock between 2010_2014_new___.csv
QRVO,QORVO INC,QORVO INC,2019-12-31,2019-12-31,1,1,stock between 2015_2019_new___.csv
RAD,RITE AID CORP,RITE AID CORP,2008-03-31,2008-03-31,1,1,stock berfore 2010_new___.csv
RADI,RADIUS GLOBAL INFRASTRUCTURE INC,RADIUS GLOBAL INFRASTRUCTURE INC,2022-10-31,2022-10-31,1,1,stock between 2020_2026_new___.csv
RBC,REGAL BELOIT CORP,REGAL BELOIT CORP,2006-08-31,2006-08-31,1,1,stock berfore 2010_new___.csv
RCI,ROGERS COMMUNICATIONS INC,ROGERS COMMUNICATIONS INC,2015-06-30,2015-06-30,1,1,stock between 2015_2019_new___.csv
RDN,RADIAN GROUP INC,RADIAN GROUP INC,2003-02-28,2003-02-28,1,1,stock berfore 2010_new___.csv
RHKG,RHOEN KLINIKUM AG ORD,RHOEN KLINIKUM AG ORD,2012-09-30,2012-09-30,1,1,stock between 2010_2014_new___.csv
RMD,RESMED INC,RESMED INC,2007-07-31,2007-07-31,1,1,stock berfore 2010_new___.csv
RT,RUBY TUESDAY INC,RUBY TUESDAY INC,2002-10-31,2002-10-31,1,1,stock berfore 2010_new___.csv
SAFC,SAFECO CORP,SAFECO CORP,2005-06-30,2005-06-30,1,1,stock berfore 2010_new___.csv
SEK,SEEK LTD ORD,SEEK LTD ORD,2015-12-31,2015-12-31,1,1,stock between 2015_2019_new___.csv
SLXP,SALIX PHARMACEUTICALS LTD,SALIX PHARMACEUTICALS LTD,2015-02-28,2015-02-28,1,1,stock between 2015_2019_new___.csv
SMS,SIMS METAL MANAGEMENT LTD,SIMS METAL MANAGEMENT LTD,2007-12-31,2007-12-31,1,1,stock berfore 2010_new___.csv
SNBR,SLEEP NUMBER CORP,SLEEP NUMBER CORP,2021-03-31,2021-03-31,1,1,stock between 2020_2026_new___.csv
SSFT,NUANCE COMMUNICATIONS INC,NUANCE COMMUNICATIONS INC,2010-03-31,2010-03-31,1,1,stock between 2010_2014_new___.csv
SSP,SCRIPPS E W CO OHIO,SCRIPPS E W CO OHIO,2002-12-31,2002-12-31,1,1,stock berfore 2010_new___.csv
STLA,STELLANTIS NV,STELLANTIS NV,2022-05-31,2022-05-31,1,1,stock between 2020_2026_new___.csv
STLD,STEEL DYNAMICS INC,STEEL DYNAMICS INC,2006-06-30,2006-06-30,1,1,stock berfore 2010_new___.csv
STRA,STRAYER EDUCATION INC,STRAYER EDUCATION INC,2003-03-31,2003-03-31,1,1,stock berfore 2010_new___.csv
SYT,SYNGENTA A G,SYNGENTA A G,2008-10-31,2008-10-31,1,1,stock berfore 2010_new___.csv
TBL,TIMBERLAND CO,TIMBERLAND CO,2011-06-30,2011-06-30,1,1,stock between 2010_2014_new___.csv
TE,T E C O ENERGY INC,T E C O ENERGY INC,2015-09-30,2015-09-30,1,1,stock between 2015_2019_new___.csv
TEF,TELEFONICA S A,TELEFONICA S A,2009-09-30,2009-09-30,1,1,stock berfore 2010_new___.csv
THOR,THORATEC CORP,THORATEC CORP,2008-12-31,2008-12-31,1,1,stock berfore 2010_new___.csv
TPR,TAPESTRY INC,TAPESTRY INC,2022-03-31,2022-03-31,1,1,stock between 2020_2026_new___.csv
TRA,TERRA INDUSTRIES INC,TERRA INDUSTRIES INC,2007-12-31,2007-12-31,1,1,stock berfore 2010_new___.csv
TWO,TWO HARBORS INVESTMENT CORP,TWO HARBORS INVESTMENT CORP,2014-01-31,2014-01-31,1,1,stock between 2010_2014_new___.csv
UARM,UNDER ARMOUR INC,UNDER ARMOUR INC,2009-03-31,2009-03-31,1,1,stock berfore 2010_new___.csv
UHAL,AMERCO,AMERCO,2018-06-30,2018-06-30,1,1,stock between 2015_2019_new___.csv
UNM,UNUM GROUP,UNUM GROUP,2008-06-30,2008-06-30,1,1,stock berfore 2010_new___.csv
USAI,U S A NETWORKS INC,U S A NETWORKS INC,2003-03-31,2003-03-31,1,1,stock berfore 2010_new___.csv
USDF,US-DADI FERTILIZER INDUSTRY INTERNATIONAL INC ORD,US-DADI FERTILIZER INDUSTRY INTERNATIONAL INC ORD,2021-12-31,2021-12-31,1,1,stock between 2020_2026_new___.csv
UTHR,UNITED THERAPEUTICS CORP,UNITED THERAPEUTICS CORP,2014-09-30,2014-09-30,1,1,stock between 2010_2014_new___.csv
VE,VEOLIA ENVIRONNEMENT,VEOLIA ENVIRONNEMENT,2007-09-30,2007-09-30,1,1,stock berfore 2010_new___.csv
VECO,VEECO INSTRUMENTS INC DEL,VEECO INSTRUMENTS INC DEL,2010-06-30,2010-06-30,1,1,stock between 2010_2014_new___.csv
VTRS,VIATRIS INC,VIATRIS INC,2020-12-31,2020-12-31,1,1,stock between 2020_2026_new___.csv
VWDRY,VESTAS WIND SYSTEMS A/S DR,VESTAS WIND SYSTEMS A/S DR,2022-02-28,2022-02-28,1,1,stock between 2020_2026_new___.csv
W,WAYFAIR INC,WAYFAIR INC,2024-03-31,2024-03-31,1,1,stock between 2020_2026_new___.csv
WBS,WEBSTER FINANCIAL CORP,WEBSTER FINANCIAL CORP,2010-06-30,2010-06-30,1,1,stock between 2010_2014_new___.csv
WFM,WHOLE FOODS MARKET INC,WHOLE FOODS MARKET INC,2012-09-30,2012-09-30,1,1,stock between 2010_2014_new___.csv
WGO,WINNEBAGO INDUSTRIES INC,WINNEBAGO INDUSTRIES INC,2020-06-30,2020-06-30,1,1,stock between 2020_2026_new___.csv
WPX,W P X ENERGY INC,W P X ENERGY INC,2013-10-31,2013-10-31,1,1,stock between 2010_2014_new___.csv
WRB,BERKLEY W R CORP,BERKLEY W R CORP,2006-06-30,2006-06-30,1,1,stock berfore 2010_new___.csv
WSM,WILLIAMS SONOMA INC,WILLIAMS SONOMA INC,2003-04-30,2003-04-30,1,1,stock berfore 2010_new___.csv
WTI,W & T OFFSHORE INC,W & T OFFSHORE INC,2006-06-30,2006-06-30,1,1,stock berfore 2010_new___.csv
WTW,WILLIS TOWERS WATSON PUB LTD CO,WILLIS TOWERS WATSON PUB LTD CO,2025-09-30,2025-09-30,1,1,stock between 2020_2026_new___.csv
WWYWB,Wrigley William Junior Company,Wrigley William Junior Company,2006-08-31,2006-08-31,1,1,stock berfore 2010_new___.csv
X,UNITED STATES STEEL CORP NEW,UNITED STATES STEEL CORP NEW,2008-03-31,2008-03-31,1,1,stock berfore 2010_new___.csv
XEC,CIMAREX ENERGY CO,CIMAREX ENERGY CO,2013-09-30,2013-09-30,1,1,stock between 2010_2014_new___.csv
Z,FOOT LOCKER INC,FOOT LOCKER INC,2007-03-31,2007-03-31,1,1,stock berfore 2010_new___.csv
